make,model,acceleration,topspeed,battery,erange_real,efficiency,fastcharge_speed,country_uk,img1_url,hrefs
Tesla,Model Y Long Range Dual Motor,5.0 sec,217 km/h,75,435 km,172 Wh/km,670,"£52,990",https://ev-database.org/img/auto/Tesla_Model_Y/Tesla_Model_Y-01-thumb@2x.jpg,https://ev-database.org/car/1619/Tesla-Model-Y-Long-Range-Dual-Motor
Tesla,Model 3 ,6.1 sec,225 km/h,57.5,405 km,142 Wh/km,680,"£42,990",https://ev-database.org/img/auto/Tesla_Model_3_2021/Tesla_Model_3_2021-01-thumb@2x.jpg,https://ev-database.org/car/1555/Tesla-Model-3
Tesla,Model Y ,6.9 sec,217 km/h,57.5,350 km,164 Wh/km,580,"£44,990",https://ev-database.org/img/auto/Tesla_Model_Y/Tesla_Model_Y-01-thumb@2x.jpg,https://ev-database.org/car/1743/Tesla-Model-Y
Tesla,Model 3 Long Range Dual Motor,4.4 sec,233 km/h,75,485 km,155 Wh/km,750,"£50,990",https://ev-database.org/img/auto/Tesla_Model_3_2021/Tesla_Model_3_2021-01-thumb@2x.jpg,https://ev-database.org/car/1591/Tesla-Model-3-Long-Range-Dual-Motor
BYD,ATTO 3 ,7.3 sec,160 km/h,60.5,325 km,186 Wh/km,360,"£36,490",https://ev-database.org/img/auto/BYD_ATTO_3/BYD_ATTO_3-01-thumb@2x.jpg,https://ev-database.org/car/1782/BYD-ATTO-3
MG,MG4 Electric 64 kWh,7.9 sec,160 km/h,61.7,360 km,171 Wh/km,440,"£29,495",https://ev-database.org/img/auto/MG_MG4_Electric_2022/MG_MG4_Electric_2022-01-thumb@2x.jpg,https://ev-database.org/car/1708/MG-MG4-Electric-64-kWh
Tesla,Model S Plaid,2.1 sec,282 km/h,95,560 km,170 Wh/km,780,"* £115,000",https://ev-database.org/img/auto/Tesla_Model_S_2021/Tesla_Model_S_2021-01-thumb@2x.jpg,https://ev-database.org/car/1405/Tesla-Model-S-Plaid
Tesla,Model Y Performance,3.7 sec,250 km/h,75,415 km,181 Wh/km,640,"£59,990",https://ev-database.org/img/auto/Tesla_Model_Y/Tesla_Model_Y-01-thumb@2x.jpg,https://ev-database.org/car/1183/Tesla-Model-Y-Performance
Kia,Niro EV ,7.8 sec,167 km/h,64.8,385 km,168 Wh/km,390,"£37,295",https://ev-database.org/img/auto/Kia-NiroEV-2022/Kia-NiroEV-2022-01-thumb@2x.jpg,https://ev-database.org/car/1666/Kia-Niro-EV
BMW,i4 eDrive40,5.7 sec,190 km/h,80.7,515 km,157 Wh/km,800,"£57,890",https://ev-database.org/img/auto/BMW_i4_eDrive40/BMW_i4_eDrive40-01-thumb@2x.jpg,https://ev-database.org/car/1252/BMW-i4-eDrive40
BMW,iX xDrive40,6.1 sec,200 km/h,71,360 km,197 Wh/km,480,"£69,905",https://ev-database.org/img/auto/BMW_iX_2022/BMW_iX_2022-01-thumb@2x.jpg,https://ev-database.org/car/1472/BMW-iX-xDrive40
BMW,iX1 xDrive30,5.6 sec,180 km/h,64.7,370 km,175 Wh/km,530,"£53,245",https://ev-database.org/img/auto/BMW_iX1_2022/BMW_iX1_2022-01-thumb@2x.jpg,https://ev-database.org/car/1701/BMW-iX1-xDrive30
BMW,iX3 ,6.8 sec,180 km/h,74,385 km,192 Wh/km,520,"£64,165",https://ev-database.org/img/auto/BMW_iX3_2022/BMW_iX3_2022-01-thumb@2x.jpg,https://ev-database.org/car/1535/BMW-iX3
Volvo,EX30 Single Motor ER,5.3 sec,180 km/h,64,370 km,173 Wh/km,550,"£38,545",https://ev-database.org/img/auto/Volvo_EX30_2024/Volvo_EX30_2024-01-thumb@2x.jpg,https://ev-database.org/car/1910/Volvo-EX30-Single-Motor-ER
Hongqi,E-HS9 99 kWh,4.9 sec,200 km/h,90,370 km,243 Wh/km,430,N/A,https://ev-database.org/img/auto/Hongqi_E-HS9/Hongqi_E-HS9-01-thumb@2x.jpg,https://ev-database.org/car/1747/Hongqi-E-HS9-99-kWh
BMW,i4 M50,3.9 sec,225 km/h,80.7,450 km,179 Wh/km,700,"£71,085",https://ev-database.org/img/auto/BMW_i4_M50/BMW_i4_M50-01-thumb@2x.jpg,https://ev-database.org/car/1519/BMW-i4-M50
Audi,e-tron GT RS,3.3 sec,250 km/h,85,405 km,210 Wh/km,1000,"£119,000",https://ev-database.org/img/auto/Audi_e-tron_GT_RS/Audi_e-tron_GT_RS-01-thumb@2x.jpg,https://ev-database.org/car/1153/Audi-e-tron-GT-RS
Tesla,Model 3 Performance,3.3 sec,261 km/h,75,460 km,163 Wh/km,710,"£57,990",https://ev-database.org/img/auto/Tesla_Model_3_2021/Tesla_Model_3_2021-01-thumb@2x.jpg,https://ev-database.org/car/1620/Tesla-Model-3-Performance
Fiat,500e Hatchback 42 kWh,9.0 sec,150 km/h,37.3,235 km,159 Wh/km,390,"£31,195",https://ev-database.org/img/auto/Fiat_500e_Hatchback_2020/Fiat_500e_Hatchback_2020-01-thumb@2x.jpg,https://ev-database.org/car/1285/Fiat-500e-Hatchback-42-kWh
BYD,HAN ,3.9 sec,180 km/h,85.4,475 km,180 Wh/km,450,N/A,https://ev-database.org/img/auto/BYD_HAN/BYD_HAN-01-thumb@2x.jpg,https://ev-database.org/car/1784/BYD-HAN
Skoda,Enyaq iV 80,8.6 sec,160 km/h,77,435 km,177 Wh/km,670,"£42,925",https://ev-database.org/img/auto/Skoda_Enyaq_iV_2020/Skoda_Enyaq_iV_2020-01-thumb@2x.jpg,https://ev-database.org/car/1280/Skoda-Enyaq-iV-80
Mercedes,EQS 450+,6.2 sec,210 km/h,107.8,635 km,170 Wh/km,950,"£105,610",https://ev-database.org/img/auto/Mercedes_EQS_2021/Mercedes_EQS_2021-01-thumb@2x.jpg,https://ev-database.org/car/1483/Mercedes-EQS-450plus
Rolls-Royce,Spectre ,4.5 sec,250 km/h,100,455 km,220 Wh/km,540,"* £350,000",https://ev-database.org/img/auto/Rolls-Royce-Spectre/Rolls-Royce-Spectre-01-thumb@2x.jpg,https://ev-database.org/car/1765/Rolls-Royce-Spectre
Mercedes,EQE 350+,6.4 sec,210 km/h,90.6,525 km,173 Wh/km,780,N/A,https://ev-database.org/img/auto/Mercedes_EQE/Mercedes_EQE-01-thumb@2x.jpg,https://ev-database.org/car/1538/Mercedes-EQE-350plus
Dacia,Spring Electric 45,19.1 sec,125 km/h,25,165 km,152 Wh/km,180,N/A,https://ev-database.org/img/auto/Dacia_Spring_Electric_2022/Dacia_Spring_Electric_2022-01-thumb@2x.jpg,https://ev-database.org/car/1705/Dacia-Spring-Electric-45
Tesla,Model S Dual Motor,3.2 sec,250 km/h,95,575 km,165 Wh/km,800,"* £96,000",https://ev-database.org/img/auto/Tesla_Model_S_2021/Tesla_Model_S_2021-01-thumb@2x.jpg,https://ev-database.org/car/1404/Tesla-Model-S-Dual-Motor
Volkswagen,ID.4 Pro Performance,8.5 sec,160 km/h,77,410 km,188 Wh/km,630,"£46,035",https://ev-database.org/img/auto/Volkswagen_ID4/Volkswagen_ID4-01-thumb@2x.jpg,https://ev-database.org/car/1314/Volkswagen-ID4-Pro-Performance
Volkswagen,ID.4 Pro,10.4 sec,160 km/h,77,410 km,188 Wh/km,630,"£44,605",https://ev-database.org/img/auto/Volkswagen_ID4/Volkswagen_ID4-01-thumb@2x.jpg,https://ev-database.org/car/1627/Volkswagen-ID4-Pro
Hyundai,Kona Electric 64 kWh,7.9 sec,167 km/h,64,395 km,162 Wh/km,370,N/A,https://ev-database.org/img/auto/Hyundai_Kona_Electric_2021/Hyundai_Kona_Electric_2021-01-thumb@2x.jpg,https://ev-database.org/car/1423/Hyundai-Kona-Electric-64-kWh
Volkswagen,ID. Buzz Pro,10.2 sec,145 km/h,77,340 km,226 Wh/km,470,"£58,915",https://ev-database.org/img/auto/Volkswagen_ID_Buzz/Volkswagen_ID_Buzz-01-thumb@2x.jpg,https://ev-database.org/car/1651/Volkswagen-ID-Buzz-Pro
BMW,iX xDrive50,4.6 sec,200 km/h,105.2,505 km,208 Wh/km,680,"£102,755",https://ev-database.org/img/auto/BMW_iX_2022/BMW_iX_2022-01-thumb@2x.jpg,https://ev-database.org/car/1473/BMW-iX-xDrive50
Mercedes,EQC 400 4MATIC,5.1 sec,180 km/h,80,370 km,216 Wh/km,440,N/A,https://ev-database.org/img/auto/Mercedes_EQC/Mercedes_EQC-01-thumb@2x.jpg,https://ev-database.org/car/1337/Mercedes-EQC-400-4MATIC
BYD,TANG ,4.6 sec,180 km/h,86.4,360 km,240 Wh/km,330,N/A,https://ev-database.org/img/auto/BYD_TANG/BYD_TANG-01-thumb@2x.jpg,https://ev-database.org/car/1783/BYD-TANG
Audi,Q4 e-tron 40,8.5 sec,160 km/h,76.6,405 km,189 Wh/km,630,"£50,630",https://ev-database.org/img/auto/Audi_Q4_e-tron_2021/Audi_Q4_e-tron_2021-01-thumb@2x.jpg,https://ev-database.org/car/1490/Audi-Q4-e-tron-40
Kia,EV6 GT,3.5 sec,260 km/h,74,360 km,206 Wh/km,940,"£62,645",https://ev-database.org/img/auto/Kia_EV6_GT_2021/Kia_EV6_GT_2021-01-thumb@2x.jpg,https://ev-database.org/car/1471/Kia-EV6-GT
BMW,i7 xDrive60,4.7 sec,240 km/h,101.7,510 km,199 Wh/km,760,"£113,970",https://ev-database.org/img/auto/BMW_i7_2022/BMW_i7_2022-01-thumb@2x.jpg,https://ev-database.org/car/1676/BMW-i7-xDrive60
Audi,Q8 e-tron 55 quattro,5.6 sec,200 km/h,106,495 km,214 Wh/km,630,"£77,800",https://ev-database.org/img/auto/Audi_Q8-etron-2023/Audi_Q8-etron-2023-01-thumb@2x.jpg,https://ev-database.org/car/1770/Audi-Q8-e-tron-55-quattro
MG,MG4 Electric 51 kWh,7.7 sec,160 km/h,50.8,300 km,169 Wh/km,340,"£26,995",https://ev-database.org/img/auto/MG_MG4_Electric_2022/MG_MG4_Electric_2022-01-thumb@2x.jpg,https://ev-database.org/car/1707/MG-MG4-Electric-51-kWh
Hyundai,IONIQ 6 Long Range AWD,5.1 sec,185 km/h,74,440 km,168 Wh/km,1150,"£50,540",https://ev-database.org/img/auto/Hyundai_IONIQ6_2022/Hyundai_IONIQ6_2022-01-thumb@2x.jpg,https://ev-database.org/car/1719/Hyundai-IONIQ-6-Long-Range-AWD
BMW,i4 eDrive35,6.0 sec,190 km/h,67,430 km,156 Wh/km,580,"£49,995",https://ev-database.org/img/auto/BMW_i4_eDrive40/BMW_i4_eDrive40-01-thumb@2x.jpg,https://ev-database.org/car/1785/BMW-i4-eDrive35
Renault,Zoe ZE50 R110,11.4 sec,135 km/h,52,315 km,165 Wh/km,230,N/A,https://ev-database.org/img/auto/Renault_Zoe_2020/Renault_Zoe_2020-01-thumb@2x.jpg,https://ev-database.org/car/1164/Renault-Zoe-ZE50-R110
Smart,#1 ,6.7 sec,180 km/h,62,335 km,185 Wh/km,520,"£35,950",https://ev-database.org/img/auto/Smart_1_2023/Smart_1_2023-01-thumb@2x.jpg,https://ev-database.org/car/1667/Smart-1
MG,ZS EV Long Range,8.4 sec,175 km/h,68.3,370 km,185 Wh/km,420,"£32,995",https://ev-database.org/img/auto/MG_ZS_EV_2022/MG_ZS_EV_2022-01-thumb@2x.jpg,https://ev-database.org/car/1541/MG-ZS-EV-Long-Range
Renault,Megane E-Tech EV60 220hp,7.4 sec,160 km/h,60,380 km,158 Wh/km,530,"£36,995",https://ev-database.org/img/auto/Renault_Megane_ETech/Renault_Megane_ETech-01-thumb@2x.jpg,https://ev-database.org/car/1521/Renault-Megane-E-Tech-EV60-220hp
Audi,e-tron GT quattro,4.1 sec,245 km/h,85,420 km,202 Wh/km,1030,"£87,800",https://ev-database.org/img/auto/Audi_e-tron_GT_quattro/Audi_e-tron_GT_quattro-01-thumb@2x.jpg,https://ev-database.org/car/1420/Audi-e-tron-GT-quattro
Nissan,Leaf ,7.9 sec,144 km/h,39,235 km,166 Wh/km,230,"£28,995",https://ev-database.org/img/auto/Nissan_Leaf_2022/Nissan_Leaf_2022-01-thumb@2x.jpg,https://ev-database.org/car/1656/Nissan-Leaf
Opel,Astra Electric ,8.5 sec,170 km/h,50.8,310 km,164 Wh/km,500,"£39,995",https://ev-database.org/img/auto/Opel_Astra_Electric/Opel_Astra_Electric-01-thumb@2x.jpg,https://ev-database.org/car/1792/Opel-Astra-Electric
Peugeot,e-208 ,8.1 sec,150 km/h,46.3,285 km,162 Wh/km,460,"£31,595",https://ev-database.org/img/auto/Peugeot_e-208_GT/Peugeot_e-208_GT-01-thumb@2x.jpg,https://ev-database.org/car/1583/Peugeot-e-208
Kia,EV6 Long Range 2WD,7.3 sec,185 km/h,74,410 km,180 Wh/km,1070,"£45,245",https://ev-database.org/img/auto/Kia_EV6_2021/Kia_EV6_2021-01-thumb@2x.jpg,https://ev-database.org/car/1481/Kia-EV6-Long-Range-2WD
Toyota,bZ4X FWD,7.5 sec,160 km/h,64,340 km,188 Wh/km,510,"£46,110",https://ev-database.org/img/auto/Toyota_bZ4X/Toyota_bZ4X-01-thumb@2x.jpg,https://ev-database.org/car/1564/Toyota-bZ4X-FWD
Jeep,Avenger Electric ,9.0 sec,150 km/h,50.8,300 km,169 Wh/km,480,"£35,700",https://ev-database.org/img/auto/Jeep_Avenger/Jeep_Avenger-01-thumb@2x.jpg,https://ev-database.org/car/1816/Jeep-Avenger-Electric
Volvo,EX30 Single Motor,5.7 sec,180 km/h,49,280 km,175 Wh/km,430,"£33,795",https://ev-database.org/img/auto/Volvo_EX30_2024/Volvo_EX30_2024-01-thumb@2x.jpg,https://ev-database.org/car/1909/Volvo-EX30-Single-Motor
Hyundai,IONIQ 6 Long Range 2WD,7.4 sec,185 km/h,74,495 km,149 Wh/km,1290,"£47,040",https://ev-database.org/img/auto/Hyundai_IONIQ6_2022/Hyundai_IONIQ6_2022-01-thumb@2x.jpg,https://ev-database.org/car/1718/Hyundai-IONIQ-6-Long-Range-2WD
Volkswagen,ID.3 Pro,7.3 sec,160 km/h,58,350 km,166 Wh/km,450,"£37,115",https://ev-database.org/img/auto/Volkswagen_ID3_2023/Volkswagen_ID3_2023-01-thumb@2x.jpg,https://ev-database.org/car/1831/Volkswagen-ID3-Pro
Skoda,Enyaq iV 60,8.7 sec,160 km/h,58,340 km,171 Wh/km,460,"£38,970",https://ev-database.org/img/auto/Skoda_Enyaq_iV_2020/Skoda_Enyaq_iV_2020-01-thumb@2x.jpg,https://ev-database.org/car/1279/Skoda-Enyaq-iV-60
ORA,Funky Cat 48 kWh,8.3 sec,160 km/h,45.4,260 km,175 Wh/km,240,"£31,995",https://ev-database.org/img/auto/ORA_Funky_Cat_2022/ORA_Funky_Cat_2022-01-thumb@2x.jpg,https://ev-database.org/car/1781/ORA-Funky-Cat-48-kWh
Mercedes,EQS 580 4MATIC,4.3 sec,210 km/h,107.8,590 km,183 Wh/km,880,N/A,https://ev-database.org/img/auto/Mercedes_EQS_2021/Mercedes_EQS_2021-01-thumb@2x.jpg,https://ev-database.org/car/1484/Mercedes-EQS-580-4MATIC
Mini,Cooper SE ,7.3 sec,150 km/h,28.9,180 km,161 Wh/km,260,"£32,550",https://ev-database.org/img/auto/Mini_Electric_2021/Mini_Electric_2021-01-thumb@2x.jpg,https://ev-database.org/car/1409/Mini-Cooper-SE
Volkswagen,ID.4 Pure,10.9 sec,160 km/h,52,285 km,182 Wh/km,360,"£38,845",https://ev-database.org/img/auto/Volkswagen_ID4/Volkswagen_ID4-01-thumb@2x.jpg,https://ev-database.org/car/1489/Volkswagen-ID4-Pure
MG,MG5 Electric Long Range,7.7 sec,185 km/h,57.4,335 km,171 Wh/km,330,"£30,995",https://ev-database.org/img/auto/MG_MG5_Electric_2021/MG_MG5_Electric_2021-01-thumb@2x.jpg,https://ev-database.org/car/1474/MG-MG5-Electric-Long-Range
Nissan,Ariya 87kWh,7.6 sec,160 km/h,87,450 km,193 Wh/km,540,"£51,895",https://ev-database.org/img/auto/Nissan_Ariya/Nissan_Ariya-01-thumb@2x.jpg,https://ev-database.org/car/1302/Nissan-Ariya-87kWh
Fisker,Ocean One,3.9 sec,205 km/h,105,525 km,200 Wh/km,640,"£60,880",https://ev-database.org/img/auto/Fisker_Ocean/Fisker_Ocean-01-thumb@2x.jpg,https://ev-database.org/car/1712/Fisker-Ocean-One
Hyundai,IONIQ 5 Long Range 2WD,7.3 sec,185 km/h,74,390 km,190 Wh/km,1020,"£46,945",https://ev-database.org/img/auto/Hyundai_IONIQ5_2021/Hyundai_IONIQ5_2021-01-thumb@2x.jpg,https://ev-database.org/car/1662/Hyundai-IONIQ-5-Long-Range-2WD
Polestar,2 Long Range Single Motor,6.2 sec,205 km/h,79,445 km,178 Wh/km,660,"£48,950",https://ev-database.org/img/auto/Polestar_2_2024/Polestar_2_2024-01-thumb@2x.jpg,https://ev-database.org/car/1818/Polestar-2-Long-Range-Single-Motor
CUPRA,Born 150 kW - 58 kWh,7.3 sec,160 km/h,58,350 km,166 Wh/km,470,"£36,475",https://ev-database.org/img/auto/Cupra_el-Born/Cupra_el-Born-01-thumb@2x.jpg,https://ev-database.org/car/1516/CUPRA-Born-150-kW---58-kWh
Mercedes,EQB 250,8.9 sec,160 km/h,66.5,385 km,173 Wh/km,550,N/A,https://ev-database.org/img/auto/Mercedes_EQB/Mercedes_EQB-01-thumb@2x.jpg,https://ev-database.org/car/1664/Mercedes-EQB-250
Tesla,Model X Dual Motor,3.9 sec,250 km/h,95,475 km,200 Wh/km,660,"* £100,000",https://ev-database.org/img/auto/Tesla_Model_X_2021/Tesla_Model_X_2021-01-thumb@2x.jpg,https://ev-database.org/car/1407/Tesla-Model-X-Dual-Motor
Mercedes,EQA 250+,8.6 sec,160 km/h,70.5,420 km,168 Wh/km,580,"£52,010",https://ev-database.org/img/auto/Mercedes_EQA/Mercedes_EQA-01-thumb@2x.jpg,https://ev-database.org/car/1698/Mercedes-EQA-250plus
Kia,EV9 99.8 kWh AWD,5.3 sec,200 km/h,99.8,430 km,232 Wh/km,780,"* £65,000",https://ev-database.org/img/auto/Kia_EV9_2023/Kia_EV9_2023-01-thumb@2x.jpg,https://ev-database.org/car/1835/Kia-EV9-998-kWh-AWD
Tesla,Model X Plaid,2.6 sec,262 km/h,95,455 km,209 Wh/km,630,"* £125,000",https://ev-database.org/img/auto/Tesla_Model_X_2021/Tesla_Model_X_2021-01-thumb@2x.jpg,https://ev-database.org/car/1408/Tesla-Model-X-Plaid
Genesis,GV60 Premium,7.8 sec,185 km/h,74,390 km,190 Wh/km,1020,"£53,905",https://ev-database.org/img/auto/Genesis_GV60/Genesis_GV60-01-thumb@2x.jpg,https://ev-database.org/car/1647/Genesis-GV60-Premium
Lotus,Eletre ,4.5 sec,250 km/h,107,510 km,210 Wh/km,1070,"£89,500",https://ev-database.org/img/auto/Lotus_Eletre/Lotus_Eletre-01-thumb@2x.jpg,https://ev-database.org/car/1767/Lotus-Eletre
Citroen,e-C4 ,9.7 sec,150 km/h,46.3,290 km,160 Wh/km,460,"£31,995",https://ev-database.org/img/auto/Citroen_e-C4/Citroen_e-C4-01-thumb@2x.jpg,https://ev-database.org/car/1587/Citroen-e-C4
Volkswagen,e-Up! ,11.9 sec,130 km/h,32.3,205 km,158 Wh/km,170,N/A,https://ev-database.org/img/auto/Volkswagen_e-Up-2019/Volkswagen_e-Up-2019-01-thumb@2x.jpg,https://ev-database.org/car/1650/Volkswagen-e-Up
Dacia,Spring Electric 65 Extreme,13.7 sec,125 km/h,25,160 km,156 Wh/km,170,N/A,https://ev-database.org/img/auto/Dacia_Spring_Electric_2022/Dacia_Spring_Electric_2022-01-thumb@2x.jpg,https://ev-database.org/car/1813/Dacia-Spring-Electric-65-Extreme
Volvo,EX30 Twin Motor Performance,3.6 sec,180 km/h,64,360 km,178 Wh/km,540,"£40,995",https://ev-database.org/img/auto/Volvo_EX30_2024/Volvo_EX30_2024-01-thumb@2x.jpg,https://ev-database.org/car/1911/Volvo-EX30-Twin-Motor-Performance
Mercedes,EQS SUV 580 4MATIC,4.6 sec,210 km/h,108.4,485 km,224 Wh/km,630,"£139,470",https://ev-database.org/img/auto/Mercedes_EQS_SUV_2022/Mercedes_EQS_SUV_2022-01-thumb@2x.jpg,https://ev-database.org/car/1675/Mercedes-EQS-SUV-580-4MATIC
BMW,i5 eDrive40 Sedan,6.0 sec,193 km/h,81.2,475 km,171 Wh/km,710,"£74,105",https://ev-database.org/img/auto/BMW_i5_eDrive40_Sedan/BMW_i5_eDrive40_Sedan-01-thumb@2x.jpg,https://ev-database.org/car/1906/BMW-i5-eDrive40-Sedan
Mercedes,EQB 350 4MATIC,6.2 sec,160 km/h,66.5,340 km,196 Wh/km,490,"£56,810",https://ev-database.org/img/auto/Mercedes_EQB/Mercedes_EQB-01-thumb@2x.jpg,https://ev-database.org/car/1493/Mercedes-EQB-350-4MATIC
CUPRA,Born 170 kW - 77 kWh,7.0 sec,160 km/h,77,450 km,171 Wh/km,630,"£41,975",https://ev-database.org/img/auto/Cupra_el-Born/Cupra_el-Born-01-thumb@2x.jpg,https://ev-database.org/car/1518/CUPRA-Born-170-kW---77-kWh
Volkswagen,ID.7 Pro S,7.0 sec,180 km/h,86,520 km,165 Wh/km,800,"* £56,000",https://ev-database.org/img/auto/Volkswagen_ID7/Volkswagen_ID7-01-thumb@2x.jpg,https://ev-database.org/car/1840/Volkswagen-ID7-Pro-S
Zeekr,001 Long Range RWD,7.2 sec,200 km/h,94,530 km,177 Wh/km,740,N/A,https://ev-database.org/img/auto/Zeekr_001_2023/Zeekr_001_2023-01-thumb@2x.jpg,https://ev-database.org/car/1933/Zeekr-001-Long-Range-RWD
Kia,EV6 Long Range AWD,5.2 sec,185 km/h,74,400 km,185 Wh/km,1050,"£51,745",https://ev-database.org/img/auto/Kia_EV6_2021/Kia_EV6_2021-01-thumb@2x.jpg,https://ev-database.org/car/1482/Kia-EV6-Long-Range-AWD
Peugeot,e-308 ,9.8 sec,170 km/h,50.8,300 km,169 Wh/km,450,"* £37,000",https://ev-database.org/img/auto/Peugeot_e-308/Peugeot_e-308-01-thumb@2x.jpg,https://ev-database.org/car/1744/Peugeot-e-308
Volkswagen,ID.7 Pro,8.0 sec,180 km/h,77,470 km,164 Wh/km,700,"* £53,000",https://ev-database.org/img/auto/Volkswagen_ID7/Volkswagen_ID7-01-thumb@2x.jpg,https://ev-database.org/car/1839/Volkswagen-ID7-Pro
Fisker,Ocean Ultra,4.2 sec,200 km/h,105,525 km,200 Wh/km,640,"£49,880",https://ev-database.org/img/auto/Fisker_Ocean/Fisker_Ocean-01-thumb@2x.jpg,https://ev-database.org/car/1710/Fisker-Ocean-Ultra
Peugeot,e-2008 SUV ,8.5 sec,150 km/h,46.3,270 km,171 Wh/km,430,N/A,https://ev-database.org/img/auto/Peugeot_e-2008_SUV/Peugeot_e-2008_SUV-01-thumb@2x.jpg,https://ev-database.org/car/1584/Peugeot-e-2008-SUV
Audi,Q8 e-tron Sportback 55 quattro,5.6 sec,200 km/h,106,525 km,202 Wh/km,660,"£80,300",https://ev-database.org/img/auto/Audi_Q8-etron-sportback-2023/Audi_Q8-etron-sportback-2023-01-thumb@2x.jpg,https://ev-database.org/car/1772/Audi-Q8-e-tron-Sportback-55-quattro
BYD,DOLPHIN 60.4 kWh,7.0 sec,160 km/h,60.5,340 km,178 Wh/km,340,"* £31,000",https://ev-database.org/img/auto/BYD_DOLPHIN/BYD_DOLPHIN-01-thumb@2x.jpg,https://ev-database.org/car/1919/BYD-DOLPHIN-604-kWh
Volvo,XC40 Recharge Single Motor,7.3 sec,180 km/h,66,345 km,191 Wh/km,420,"£46,505",https://ev-database.org/img/auto/Volvo_XC40_Recharge_2023/Volvo_XC40_Recharge_2023-01-thumb@2x.jpg,https://ev-database.org/car/1796/Volvo-XC40-Recharge-Single-Motor
Opel,Mokka-e ,9.2 sec,150 km/h,46.3,260 km,178 Wh/km,420,"£38,835",https://ev-database.org/img/auto/Opel_Mokka-e/Opel_Mokka-e-01-thumb@2x.jpg,https://ev-database.org/car/1586/Opel-Mokka-e
Renault,Zoe ZE50 R135,9.5 sec,140 km/h,52,310 km,168 Wh/km,230,"£29,995",https://ev-database.org/img/auto/Renault_Zoe_2020/Renault_Zoe_2020-01-thumb@2x.jpg,https://ev-database.org/car/1205/Renault-Zoe-ZE50-R135
Mercedes,EQE 300,7.3 sec,210 km/h,89,515 km,173 Wh/km,650,"£74,345",https://ev-database.org/img/auto/Mercedes_EQE/Mercedes_EQE-01-thumb@2x.jpg,https://ev-database.org/car/1713/Mercedes-EQE-300
Lexus,RZ 450e,5.6 sec,160 km/h,64,320 km,200 Wh/km,480,"£64,500",https://ev-database.org/img/auto/Lexus_RZ_450e/Lexus_RZ_450e-01-thumb@2x.jpg,https://ev-database.org/car/1677/Lexus-RZ-450e
Opel,Corsa-e ,8.1 sec,150 km/h,46.3,295 km,157 Wh/km,470,"£33,930",https://ev-database.org/img/auto/Opel_Corsa-e/Opel_Corsa-e-01-thumb@2x.jpg,https://ev-database.org/car/1585/Opel-Corsa-e
Volvo,XC40 Recharge Single Motor ER,7.3 sec,180 km/h,79,405 km,195 Wh/km,600,N/A,https://ev-database.org/img/auto/Volvo_XC40_Recharge_2023/Volvo_XC40_Recharge_2023-01-thumb@2x.jpg,https://ev-database.org/car/1797/Volvo-XC40-Recharge-Single-Motor-ER
Hyundai,IONIQ 5 Standard Range 2WD,8.5 sec,185 km/h,54,295 km,183 Wh/km,720,"£43,445",https://ev-database.org/img/auto/Hyundai_IONIQ5_2021/Hyundai_IONIQ5_2021-01-thumb@2x.jpg,https://ev-database.org/car/1476/Hyundai-IONIQ-5-Standard-Range-2WD
Hyundai,IONIQ 5 Long Range AWD,5.1 sec,185 km/h,74,385 km,192 Wh/km,1010,"£50,445",https://ev-database.org/img/auto/Hyundai_IONIQ5_2021/Hyundai_IONIQ5_2021-01-thumb@2x.jpg,https://ev-database.org/car/1663/Hyundai-IONIQ-5-Long-Range-AWD
Lucid,Air Dream Edition P,2.7 sec,270 km/h,118,685 km,172 Wh/km,870,N/A,https://ev-database.org/img/auto/Lucid_Air/Lucid_Air-01-thumb@2x.jpg,https://ev-database.org/car/1098/Lucid-Air-Dream-Edition-P
Lucid,Air Dream Edition R,2.9 sec,270 km/h,118,685 km,172 Wh/km,870,N/A,https://ev-database.org/img/auto/Lucid_Air/Lucid_Air-01-thumb@2x.jpg,https://ev-database.org/car/1696/Lucid-Air-Dream-Edition-R
Renault,Twingo Electric,12.6 sec,135 km/h,21.3,135 km,158 Wh/km,,N/A,https://ev-database.org/img/auto/Renault_Twingo_ZE_2020/Renault_Twingo_ZE_2020-01-thumb@2x.jpg,https://ev-database.org/car/1270/Renault-Twingo-Electric
BYD,DOLPHIN 44.9 kWh Active,10.0 sec,150 km/h,44.9,255 km,176 Wh/km,260,"* £26,000",https://ev-database.org/img/auto/BYD_DOLPHIN/BYD_DOLPHIN-01-thumb@2x.jpg,https://ev-database.org/car/1917/BYD-DOLPHIN-449-kWh-Active
Fisker,Ocean Sport,7.4 sec,160 km/h,75,380 km,197 Wh/km,480,"£35,970",https://ev-database.org/img/auto/Fisker_Ocean/Fisker_Ocean-01-thumb@2x.jpg,https://ev-database.org/car/1709/Fisker-Ocean-Sport
NIO,ET5 100 kWh,4.0 sec,200 km/h,90,500 km,180 Wh/km,520,N/A,https://ev-database.org/img/auto/NIO_ET5/NIO_ET5-01-thumb@2x.jpg,https://ev-database.org/car/1787/NIO-ET5-100-kWh
Fisker,Ocean Extreme,3.9 sec,205 km/h,105,525 km,200 Wh/km,640,"£60,880",https://ev-database.org/img/auto/Fisker_Ocean/Fisker_Ocean-01-thumb@2x.jpg,https://ev-database.org/car/1711/Fisker-Ocean-Extreme
Mazda,MX-30 ,9.7 sec,140 km/h,30,170 km,176 Wh/km,210,"£31,250",https://ev-database.org/img/auto/Mazda_MX-30/Mazda_MX-30-01-thumb@2x.jpg,https://ev-database.org/car/1680/Mazda-MX-30
Audi,Q4 e-tron 35,9.0 sec,160 km/h,52,285 km,182 Wh/km,360,N/A,https://ev-database.org/img/auto/Audi_Q4_e-tron_2021/Audi_Q4_e-tron_2021-01-thumb@2x.jpg,https://ev-database.org/car/1179/Audi-Q4-e-tron-35
Polestar,4 Long Range Single Motor,7.4 sec,180 km/h,94,510 km,184 Wh/km,760,"* £55,000",https://ev-database.org/img/auto/Polestar_4_2024/Polestar_4_2024-01-thumb@2x.jpg,https://ev-database.org/car/1841/Polestar-4-Long-Range-Single-Motor
MG,Marvel R ,7.9 sec,200 km/h,70,365 km,192 Wh/km,400,N/A,https://ev-database.org/img/auto/MG_Marvel_R_2021/MG_Marvel_R_2021-01-thumb@2x.jpg,https://ev-database.org/car/1524/MG-Marvel-R
Polestar,4 Long Range Dual Motor,3.8 sec,200 km/h,94,475 km,198 Wh/km,710,"* £60,000",https://ev-database.org/img/auto/Polestar_4_2024/Polestar_4_2024-01-thumb@2x.jpg,https://ev-database.org/car/1842/Polestar-4-Long-Range-Dual-Motor
Honda,e:Ny1 ,7.6 sec,160 km/h,62,360 km,172 Wh/km,320,N/A,https://ev-database.org/img/auto/Honda_e:Ny1/Honda_e:Ny1-01-thumb@2x.jpg,https://ev-database.org/car/1940/Honda-eNy1
MG,Marvel R Performance,4.9 sec,200 km/h,70,350 km,200 Wh/km,380,N/A,https://ev-database.org/img/auto/MG_Marvel_R_2021/MG_Marvel_R_2021-01-thumb@2x.jpg,https://ev-database.org/car/1475/MG-Marvel-R-Performance
Mercedes,EQE SUV 350+,6.7 sec,210 km/h,90.6,470 km,193 Wh/km,700,N/A,https://ev-database.org/img/auto/Mercedes_EQE_SUV/Mercedes_EQE_SUV-01-thumb@2x.jpg,https://ev-database.org/car/1760/Mercedes-EQE-SUV-350plus
Polestar,2 Standard Range Single Motor,6.4 sec,205 km/h,67,380 km,176 Wh/km,450,"£44,950",https://ev-database.org/img/auto/Polestar_2_2024/Polestar_2_2024-01-thumb@2x.jpg,https://ev-database.org/car/1817/Polestar-2-Standard-Range-Single-Motor
Toyota,bZ4X AWD,6.9 sec,160 km/h,64,315 km,203 Wh/km,470,"£52,510",https://ev-database.org/img/auto/Toyota_bZ4X/Toyota_bZ4X-01-thumb@2x.jpg,https://ev-database.org/car/1565/Toyota-bZ4X-AWD
Subaru,Solterra AWD,6.9 sec,160 km/h,64,320 km,200 Wh/km,480,"£49,995",https://ev-database.org/img/auto/Subaru_Solterra/Subaru_Solterra-01-thumb@2x.jpg,https://ev-database.org/car/1567/Subaru-Solterra-AWD
Citroen,e-C4 X ,9.7 sec,150 km/h,46.3,275 km,168 Wh/km,440,"£31,995",https://ev-database.org/img/auto/Citroen_e-C4_X/Citroen_e-C4_X-01-thumb@2x.jpg,https://ev-database.org/car/1706/Citroen-e-C4-X
Zeekr,X Long Range RWD,5.6 sec,180 km/h,64,360 km,178 Wh/km,540,N/A,https://ev-database.org/img/auto/Zeekr_X_2023/Zeekr_X_2023-01-thumb@2x.jpg,https://ev-database.org/car/1936/Zeekr-X-Long-Range-RWD
Maxus,MIFA 9 ,9.2 sec,180 km/h,90,345 km,261 Wh/km,290,"£65,290",https://ev-database.org/img/auto/Maxus_MIFA_9/Maxus_MIFA_9-01-thumb@2x.jpg,https://ev-database.org/car/1837/Maxus-MIFA-9
Hyundai,Kona Electric 39 kWh,9.9 sec,155 km/h,39.2,250 km,157 Wh/km,220,N/A,https://ev-database.org/img/auto/Hyundai_Kona_Electric_2021/Hyundai_Kona_Electric_2021-01-thumb@2x.jpg,https://ev-database.org/car/1422/Hyundai-Kona-Electric-39-kWh
Mercedes,EQV 300 Long,12.1 sec,160 km/h,90,310 km,290 Wh/km,310,"£87,995",https://ev-database.org/img/auto/Mercedes_EQV/Mercedes_EQV-01-thumb@2x.jpg,https://ev-database.org/car/1240/Mercedes-EQV-300-Long
Hyundai,Kona Electric 65 kWh,8.8 sec,170 km/h,65.4,390 km,168 Wh/km,400,"£38,595",https://ev-database.org/img/auto/Hyundai_Kona_Electric_2024/Hyundai_Kona_Electric_2024-01-thumb@2x.jpg,https://ev-database.org/car/1830/Hyundai-Kona-Electric-65-kWh
Nissan,Leaf e+,6.9 sec,157 km/h,59,340 km,174 Wh/km,240,"£34,945",https://ev-database.org/img/auto/Nissan_Leaf_2022/Nissan_Leaf_2022-01-thumb@2x.jpg,https://ev-database.org/car/1657/Nissan-Leaf-eplus
Skoda,Enyaq Coupe iV RS,6.5 sec,180 km/h,77,430 km,179 Wh/km,600,"£54,370",https://ev-database.org/img/auto/Skoda_Enyaq_Coupe_RS_iV_2022/Skoda_Enyaq_Coupe_RS_iV_2022-01-thumb@2x.jpg,https://ev-database.org/car/1631/Skoda-Enyaq-Coupe-iV-RS
BMW,iX M60,3.8 sec,250 km/h,105.2,485 km,217 Wh/km,650,"£122,775",https://ev-database.org/img/auto/BMW_iX_2022/BMW_iX_2022-01-thumb@2x.jpg,https://ev-database.org/car/1590/BMW-iX-M60
Audi,Q8 e-tron 50 quattro,6.0 sec,200 km/h,89,420 km,212 Wh/km,650,"£67,800",https://ev-database.org/img/auto/Audi_Q8-etron-2023/Audi_Q8-etron-2023-01-thumb@2x.jpg,https://ev-database.org/car/1769/Audi-Q8-e-tron-50-quattro
Skoda,Enyaq Coupe iV 80,8.7 sec,160 km/h,77,465 km,166 Wh/km,720,"£44,825",https://ev-database.org/img/auto/Skoda_Enyaq_Coupe_iV_2022/Skoda_Enyaq_Coupe_iV_2022-01-thumb@2x.jpg,https://ev-database.org/car/1629/Skoda-Enyaq-Coupe-iV-80
Volkswagen,ID.3 Pro S - 4 Seats,7.9 sec,160 km/h,77,455 km,169 Wh/km,680,"£42,870",https://ev-database.org/img/auto/Volkswagen_ID3_2023/Volkswagen_ID3_2023-01-thumb@2x.jpg,https://ev-database.org/car/1832/Volkswagen-ID3-Pro-S---4-Seats
Lucid,Air Pure,4.2 sec,200 km/h,88,560 km,157 Wh/km,980,N/A,https://ev-database.org/img/auto/Lucid_Air/Lucid_Air-01-thumb@2x.jpg,https://ev-database.org/car/1318/Lucid-Air-Pure
Polestar,3 Long Range Dual motor,5.0 sec,210 km/h,107,490 km,218 Wh/km,640,"£79,900",https://ev-database.org/img/auto/Polestar_3/Polestar_3-01-thumb@2x.jpg,https://ev-database.org/car/1758/Polestar-3-Long-Range-Dual-motor
Audi,Q4 e-tron 50 quattro,6.2 sec,180 km/h,76.6,385 km,199 Wh/km,550,"£57,010",https://ev-database.org/img/auto/Audi_Q4_e-tron_2021/Audi_Q4_e-tron_2021-01-thumb@2x.jpg,https://ev-database.org/car/1491/Audi-Q4-e-tron-50-quattro
Volvo,XC40 Recharge Twin Motor,4.8 sec,180 km/h,79,390 km,203 Wh/km,580,"£51,755",https://ev-database.org/img/auto/Volvo_XC40_Recharge_2023/Volvo_XC40_Recharge_2023-01-thumb@2x.jpg,https://ev-database.org/car/1798/Volvo-XC40-Recharge-Twin-Motor
Polestar,2 Long Range Dual Motor,4.5 sec,205 km/h,79,425 km,186 Wh/km,630,"£52,950",https://ev-database.org/img/auto/Polestar_2_2024/Polestar_2_2024-01-thumb@2x.jpg,https://ev-database.org/car/1819/Polestar-2-Long-Range-Dual-Motor
Mercedes,EQB 300 4MATIC,8.0 sec,160 km/h,66.5,340 km,196 Wh/km,490,"£55,310",https://ev-database.org/img/auto/Mercedes_EQB/Mercedes_EQB-01-thumb@2x.jpg,https://ev-database.org/car/1559/Mercedes-EQB-300-4MATIC
Skoda,Enyaq iV 80x,6.9 sec,160 km/h,77,425 km,181 Wh/km,590,"£50,805",https://ev-database.org/img/auto/Skoda_Enyaq_iV_2020/Skoda_Enyaq_iV_2020-01-thumb@2x.jpg,https://ev-database.org/car/1281/Skoda-Enyaq-iV-80x
Ford,Mustang Mach-E ER RWD,7.0 sec,180 km/h,91,480 km,190 Wh/km,420,"£59,380",https://ev-database.org/img/auto/Ford_Mustang_Mach-E/Ford_Mustang_Mach-E-01-thumb@2x.jpg,https://ev-database.org/car/1754/Ford-Mustang-Mach-E-ER-RWD
Lucid,Air Grand Touring,3.0 sec,270 km/h,112,675 km,166 Wh/km,850,N/A,https://ev-database.org/img/auto/Lucid_Air/Lucid_Air-01-thumb@2x.jpg,https://ev-database.org/car/1316/Lucid-Air-Grand-Touring
Smart,#1 Brabus,3.9 sec,180 km/h,62,315 km,197 Wh/km,490,"£43,450",https://ev-database.org/img/auto/Smart_1_Brabus_2023/Smart_1_Brabus_2023-01-thumb@2x.jpg,https://ev-database.org/car/1748/Smart-1-Brabus
Mercedes,EQE AMG 43 4MATIC,4.2 sec,210 km/h,90.6,465 km,195 Wh/km,690,N/A,https://ev-database.org/img/auto/Mercedes_EQE_AMG_43/Mercedes_EQE_AMG_43-01-thumb@2x.jpg,https://ev-database.org/car/1652/Mercedes-EQE-AMG-43-4MATIC
MG,ZS EV Standard Range,8.6 sec,175 km/h,49,265 km,185 Wh/km,250,"£30,495",https://ev-database.org/img/auto/MG_ZS_EV_2022/MG_ZS_EV_2022-01-thumb@2x.jpg,https://ev-database.org/car/1540/MG-ZS-EV-Standard-Range
BYD,DOLPHIN 44.9 kWh Boost,8.0 sec,160 km/h,44.9,255 km,176 Wh/km,260,"* £28,500",https://ev-database.org/img/auto/BYD_DOLPHIN/BYD_DOLPHIN-01-thumb@2x.jpg,https://ev-database.org/car/1918/BYD-DOLPHIN-449-kWh-Boost
Kia,EV9 99.8 kWh RWD,9.4 sec,185 km/h,99.8,470 km,212 Wh/km,850,"* £60,000",https://ev-database.org/img/auto/Kia_EV9_2023/Kia_EV9_2023-01-thumb@2x.jpg,https://ev-database.org/car/1834/Kia-EV9-998-kWh-RWD
NIO,ET7 75 kWh,3.8 sec,200 km/h,70.5,400 km,176 Wh/km,540,N/A,https://ev-database.org/img/auto/NIO_ET7/NIO_ET7-01-thumb@2x.jpg,https://ev-database.org/car/1751/NIO-ET7-75-kWh
Mercedes,EQS AMG 53 4MATIC+,3.4 sec,250 km/h,107.8,540 km,200 Wh/km,810,"£161,860",https://ev-database.org/img/auto/Mercedes_EQS_AMG_2021/Mercedes_EQS_AMG_2021-01-thumb@2x.jpg,https://ev-database.org/car/1537/Mercedes-EQS-AMG-53-4MATICplus
Zeekr,001 Performance AWD,3.8 sec,200 km/h,94,505 km,186 Wh/km,700,N/A,https://ev-database.org/img/auto/Zeekr_001_2023/Zeekr_001_2023-01-thumb@2x.jpg,https://ev-database.org/car/1934/Zeekr-001-Performance-AWD
XPENG,P7 RWD Long Range,6.7 sec,200 km/h,82.7,500 km,165 Wh/km,700,N/A,https://ev-database.org/img/auto/XPENG_P7/XPENG_P7-01-thumb@2x.jpg,https://ev-database.org/car/1821/XPENG-P7-RWD-Long-Range
Hyundai,IONIQ 6 Standard Range 2WD,8.8 sec,185 km/h,54,365 km,148 Wh/km,900,N/A,https://ev-database.org/img/auto/Hyundai_IONIQ6_2022/Hyundai_IONIQ6_2022-01-thumb@2x.jpg,https://ev-database.org/car/1717/Hyundai-IONIQ-6-Standard-Range-2WD
Mercedes,EQA 250,8.6 sec,160 km/h,66.5,395 km,168 Wh/km,570,N/A,https://ev-database.org/img/auto/Mercedes_EQA/Mercedes_EQA-01-thumb@2x.jpg,https://ev-database.org/car/1697/Mercedes-EQA-250
Audi,SQ8 e-tron ,4.5 sec,210 km/h,106,455 km,233 Wh/km,570,"£97,500",https://ev-database.org/img/auto/Audi_SQ8-etron-2023/Audi_SQ8-etron-2023-01-thumb@2x.jpg,https://ev-database.org/car/1773/Audi-SQ8-e-tron
Zeekr,001 Privilege AWD,3.8 sec,200 km/h,94,500 km,188 Wh/km,700,N/A,https://ev-database.org/img/auto/Zeekr_001_2023/Zeekr_001_2023-01-thumb@2x.jpg,https://ev-database.org/car/1935/Zeekr-001-Privilege-AWD
Mercedes,EQA 350 4MATIC,6.0 sec,160 km/h,66.5,350 km,190 Wh/km,500,"£54,510",https://ev-database.org/img/auto/Mercedes_EQA/Mercedes_EQA-01-thumb@2x.jpg,https://ev-database.org/car/1496/Mercedes-EQA-350-4MATIC
Skoda,Enyaq iV 50,11.3 sec,160 km/h,52,305 km,170 Wh/km,250,N/A,https://ev-database.org/img/auto/Skoda_Enyaq_iV_2020/Skoda_Enyaq_iV_2020-01-thumb@2x.jpg,https://ev-database.org/car/1187/Skoda-Enyaq-iV-50
Zeekr,X Privilege AWD,3.8 sec,180 km/h,64,350 km,183 Wh/km,520,N/A,https://ev-database.org/img/auto/Zeekr_X_2023/Zeekr_X_2023-01-thumb@2x.jpg,https://ev-database.org/car/1937/Zeekr-X-Privilege-AWD
Renault,Megane E-Tech EV40 130hp,10.0 sec,150 km/h,40,260 km,154 Wh/km,370,N/A,https://ev-database.org/img/auto/Renault_Megane_ETech/Renault_Megane_ETech-01-thumb@2x.jpg,https://ev-database.org/car/1536/Renault-Megane-E-Tech-EV40-130hp
Fiat,600e ,9.0 sec,150 km/h,50.8,305 km,167 Wh/km,490,"* £31,000",https://ev-database.org/img/auto/Fiat_600e/Fiat_600e-01-thumb@2x.jpg,https://ev-database.org/car/1945/Fiat-600e
Volvo,EX90 Twin Motor,5.9 sec,180 km/h,107,465 km,230 Wh/km,610,"£96,255",https://ev-database.org/img/auto/Volvo_EX90/Volvo_EX90-01-thumb@2x.jpg,https://ev-database.org/car/1775/Volvo-EX90-Twin-Motor
Honda,e Advance,8.3 sec,145 km/h,28.5,170 km,168 Wh/km,180,"£37,395",https://ev-database.org/img/auto/Honda_e/Honda_e-01-thumb@2x.jpg,https://ev-database.org/car/1233/Honda-e-Advance
Volkswagen,ID.4 Pure Performance,9.0 sec,160 km/h,52,285 km,182 Wh/km,360,"£40,275",https://ev-database.org/img/auto/Volkswagen_ID4/Volkswagen_ID4-01-thumb@2x.jpg,https://ev-database.org/car/1411/Volkswagen-ID4-Pure-Performance
Jaguar,I-Pace EV400,4.8 sec,200 km/h,84.7,380 km,223 Wh/km,360,"£69,995",https://ev-database.org/img/auto/Jaguar_I-Pace-2024/Jaguar_I-Pace-2024-01-thumb@2x.jpg,https://ev-database.org/car/1812/Jaguar-I-Pace-EV400
Mercedes,EQE SUV 500 4MATIC,4.9 sec,210 km/h,90.6,455 km,199 Wh/km,680,"£108,760",https://ev-database.org/img/auto/Mercedes_EQE_SUV/Mercedes_EQE_SUV-01-thumb@2x.jpg,https://ev-database.org/car/1762/Mercedes-EQE-SUV-500-4MATIC
Peugeot,e-308 SW ,9.0 sec,150 km/h,50.8,300 km,169 Wh/km,450,"* £38,000",https://ev-database.org/img/auto/Peugeot_e-308_SW/Peugeot_e-308_SW-01-thumb@2x.jpg,https://ev-database.org/car/1745/Peugeot-e-308-SW
Volkswagen,ID.4 GTX,6.3 sec,180 km/h,77,400 km,193 Wh/km,560,"£52,865",https://ev-database.org/img/auto/Volkswagen_ID4_GTX_2023/Volkswagen_ID4_GTX_2023-01-thumb@2x.jpg,https://ev-database.org/car/1828/Volkswagen-ID4-GTX
MG,MG4 Electric XPOWER,3.8 sec,160 km/h,61.7,330 km,187 Wh/km,400,"£36,495",https://ev-database.org/img/auto/MG_MG4_Electric_XPOWER_2023/MG_MG4_Electric_XPOWER_2023-01-thumb@2x.jpg,https://ev-database.org/car/1944/MG-MG4-Electric-XPOWER
Volvo,C40 Recharge Twin Motor,4.7 sec,180 km/h,79,400 km,198 Wh/km,600,"£53,605",https://ev-database.org/img/auto/Volvo_C40_Recharge/Volvo_C40_Recharge-01-thumb@2x.jpg,https://ev-database.org/car/1801/Volvo-C40-Recharge-Twin-Motor
Mercedes,EQA 300 4MATIC,7.7 sec,160 km/h,66.5,350 km,190 Wh/km,500,"£53,010",https://ev-database.org/img/auto/Mercedes_EQA/Mercedes_EQA-01-thumb@2x.jpg,https://ev-database.org/car/1495/Mercedes-EQA-300-4MATIC
Mercedes,EQS 500 4MATIC,4.8 sec,210 km/h,107.8,590 km,183 Wh/km,880,N/A,https://ev-database.org/img/auto/Mercedes_EQS_2021/Mercedes_EQS_2021-01-thumb@2x.jpg,https://ev-database.org/car/1700/Mercedes-EQS-500-4MATIC
MG,MG5 Electric Standard Range,7.7 sec,185 km/h,46,265 km,174 Wh/km,320,N/A,https://ev-database.org/img/auto/MG_MG5_Electric_2021/MG_MG5_Electric_2021-01-thumb@2x.jpg,https://ev-database.org/car/1646/MG-MG5-Electric-Standard-Range
Mercedes,EQE 500 4MATIC,4.7 sec,210 km/h,90.6,485 km,187 Wh/km,720,N/A,https://ev-database.org/img/auto/Mercedes_EQE/Mercedes_EQE-01-thumb@2x.jpg,https://ev-database.org/car/1716/Mercedes-EQE-500-4MATIC
Mercedes,EQS SUV 450+,6.7 sec,210 km/h,108.4,500 km,217 Wh/km,650,N/A,https://ev-database.org/img/auto/Mercedes_EQS_SUV_2022/Mercedes_EQS_SUV_2022-01-thumb@2x.jpg,https://ev-database.org/car/1673/Mercedes-EQS-SUV-450plus
Mercedes,EQE 350 4MATIC,6.3 sec,210 km/h,90.6,485 km,187 Wh/km,720,N/A,https://ev-database.org/img/auto/Mercedes_EQE/Mercedes_EQE-01-thumb@2x.jpg,https://ev-database.org/car/1715/Mercedes-EQE-350-4MATIC
Renault,Megane E-Tech EV60 130hp,10.5 sec,150 km/h,60,380 km,158 Wh/km,530,N/A,https://ev-database.org/img/auto/Renault_Megane_ETech/Renault_Megane_ETech-01-thumb@2x.jpg,https://ev-database.org/car/1588/Renault-Megane-E-Tech-EV60-130hp
VinFast,VF 9 Extended Range,6.5 sec,200 km/h,123,520 km,237 Wh/km,520,N/A,https://ev-database.org/img/auto/VinFast_VF_9/VinFast_VF_9-01-thumb@2x.jpg,https://ev-database.org/car/1811/VinFast-VF-9-Extended-Range
NIO,ET5 Touring 100 kWh,4.0 sec,200 km/h,90,485 km,186 Wh/km,500,N/A,https://ev-database.org/img/auto/NIO_ET5_Touring/NIO_ET5_Touring-01-thumb@2x.jpg,https://ev-database.org/car/1916/NIO-ET5-Touring-100-kWh
NIO,ET7 100 kWh,3.8 sec,200 km/h,90,505 km,178 Wh/km,530,N/A,https://ev-database.org/img/auto/NIO_ET7/NIO_ET7-01-thumb@2x.jpg,https://ev-database.org/car/1752/NIO-ET7-100-kWh
Volvo,EX90 Twin Motor Performance,4.9 sec,180 km/h,107,450 km,238 Wh/km,590,"£100,555",https://ev-database.org/img/auto/Volvo_EX90/Volvo_EX90-01-thumb@2x.jpg,https://ev-database.org/car/1776/Volvo-EX90-Twin-Motor-Performance
Mercedes,EQS 450 4MATIC,5.6 sec,210 km/h,107.8,605 km,178 Wh/km,900,N/A,https://ev-database.org/img/auto/Mercedes_EQS_2021/Mercedes_EQS_2021-01-thumb@2x.jpg,https://ev-database.org/car/1699/Mercedes-EQS-450-4MATIC
NIO,EL7 100 kWh,3.9 sec,200 km/h,90,430 km,209 Wh/km,450,N/A,https://ev-database.org/img/auto/NIO_EL7/NIO_EL7-01-thumb@2x.jpg,https://ev-database.org/car/1789/NIO-EL7-100-kWh
Ford,Mustang Mach-E SR RWD,6.9 sec,180 km/h,70,375 km,187 Wh/km,390,"£50,830",https://ev-database.org/img/auto/Ford_Mustang_Mach-E/Ford_Mustang_Mach-E-01-thumb@2x.jpg,https://ev-database.org/car/1753/Ford-Mustang-Mach-E-SR-RWD
Genesis,GV70 Electrified Sport,4.2 sec,235 km/h,74,350 km,211 Wh/km,860,"£65,105",https://ev-database.org/img/auto/Genesis_GV70/Genesis_GV70-01-thumb@2x.jpg,https://ev-database.org/car/1725/Genesis-GV70-Electrified-Sport
XPENG,P7 Wing Edition,4.1 sec,200 km/h,82.7,465 km,178 Wh/km,650,N/A,https://ev-database.org/img/auto/XPENG_P7/XPENG_P7-01-thumb@2x.jpg,https://ev-database.org/car/1823/XPENG-P7-Wing-Edition
XPENG,G9 RWD Long Range,6.4 sec,200 km/h,94,470 km,200 Wh/km,980,N/A,https://ev-database.org/img/auto/XPENG_G9/XPENG_G9-01-thumb@2x.jpg,https://ev-database.org/car/1825/XPENG-G9-RWD-Long-Range
Volvo,C40 Recharge Single Motor,7.3 sec,180 km/h,66,355 km,186 Wh/km,430,"£48,355",https://ev-database.org/img/auto/Volvo_C40_Recharge/Volvo_C40_Recharge-01-thumb@2x.jpg,https://ev-database.org/car/1799/Volvo-C40-Recharge-Single-Motor
Nissan,Ariya 63kWh,7.5 sec,160 km/h,63,335 km,188 Wh/km,450,"£46,145",https://ev-database.org/img/auto/Nissan_Ariya/Nissan_Ariya-01-thumb@2x.jpg,https://ev-database.org/car/1301/Nissan-Ariya-63kWh
Volkswagen,ID.5 Pro,10.4 sec,160 km/h,77,430 km,179 Wh/km,660,"£50,710",https://ev-database.org/img/auto/Volkswagen_ID5/Volkswagen_ID5-01-thumb@2x.jpg,https://ev-database.org/car/1912/Volkswagen-ID5-Pro
Kia,EV6 Standard Range 2WD,8.5 sec,185 km/h,54,305 km,177 Wh/km,750,N/A,https://ev-database.org/img/auto/Kia_EV6_2021/Kia_EV6_2021-01-thumb@2x.jpg,https://ev-database.org/car/1480/Kia-EV6-Standard-Range-2WD
Mercedes,EQB 250+,8.9 sec,160 km/h,70.5,410 km,172 Wh/km,550,N/A,https://ev-database.org/img/auto/Mercedes_EQB/Mercedes_EQB-01-thumb@2x.jpg,https://ev-database.org/car/1778/Mercedes-EQB-250plus
Audi,Q4 Sportback e-tron 40,8.5 sec,160 km/h,76.6,425 km,180 Wh/km,660,"£52,130",https://ev-database.org/img/auto/Audi_Q4_e-tron_Sportback_2021/Audi_Q4_e-tron_Sportback_2021-01-thumb@2x.jpg,https://ev-database.org/car/1528/Audi-Q4-Sportback-e-tron-40
Smart,#1 Pulse,3.9 sec,180 km/h,62,320 km,194 Wh/km,490,N/A,https://ev-database.org/img/auto/Smart_1_2023/Smart_1_2023-01-thumb@2x.jpg,https://ev-database.org/car/1920/Smart-1-Pulse
BMW,i7 M70 xDrive,3.7 sec,250 km/h,101.7,490 km,208 Wh/km,730,"£163,315",https://ev-database.org/img/auto/BMW_i7_M70_2023/BMW_i7_M70_2023-01-thumb@2x.jpg,https://ev-database.org/car/1838/BMW-i7-M70-xDrive
Lotus,Eletre R,2.9 sec,260 km/h,107,460 km,233 Wh/km,960,"£120,000",https://ev-database.org/img/auto/Lotus_Eletre/Lotus_Eletre-01-thumb@2x.jpg,https://ev-database.org/car/1768/Lotus-Eletre-R
Mercedes,EQE AMG 53 4MATIC+,3.5 sec,220 km/h,90.6,465 km,195 Wh/km,690,"£114,750",https://ev-database.org/img/auto/Mercedes_EQE_AMG_53/Mercedes_EQE_AMG_53-01-thumb@2x.jpg,https://ev-database.org/car/1653/Mercedes-EQE-AMG-53-4MATICplus
Polestar,2 Long Range Performance,4.2 sec,205 km/h,79,415 km,190 Wh/km,620,"£57,950",https://ev-database.org/img/auto/Polestar_2_2024/Polestar_2_2024-01-thumb@2x.jpg,https://ev-database.org/car/1820/Polestar-2-Long-Range-Performance
Volvo,C40 Recharge Single Motor ER,7.3 sec,180 km/h,79,420 km,188 Wh/km,630,N/A,https://ev-database.org/img/auto/Volvo_C40_Recharge/Volvo_C40_Recharge-01-thumb@2x.jpg,https://ev-database.org/car/1800/Volvo-C40-Recharge-Single-Motor-ER
XPENG,G9 RWD Standard Range,6.4 sec,200 km/h,75,375 km,200 Wh/km,780,N/A,https://ev-database.org/img/auto/XPENG_G9/XPENG_G9-01-thumb@2x.jpg,https://ev-database.org/car/1824/XPENG-G9-RWD-Standard-Range
Opel,Astra Sports Tourer Electric ,8.5 sec,170 km/h,50.8,300 km,169 Wh/km,480,"* £42,000",https://ev-database.org/img/auto/Opel_Astra_Sports_Tourer_Electric/Opel_Astra_Sports_Tourer_Electric-01-thumb@2x.jpg,https://ev-database.org/car/1793/Opel-Astra-Sports-Tourer-Electric
Audi,Q8 e-tron Sportback 50 quattro,6.0 sec,200 km/h,89,445 km,200 Wh/km,690,"£70,300",https://ev-database.org/img/auto/Audi_Q8-etron-sportback-2023/Audi_Q8-etron-sportback-2023-01-thumb@2x.jpg,https://ev-database.org/car/1771/Audi-Q8-e-tron-Sportback-50-quattro
Hyundai,Kona Electric 48 kWh,7.8 sec,160 km/h,48.4,295 km,164 Wh/km,280,"£34,995",https://ev-database.org/img/auto/Hyundai_Kona_Electric_2024/Hyundai_Kona_Electric_2024-01-thumb@2x.jpg,https://ev-database.org/car/1829/Hyundai-Kona-Electric-48-kWh
Maserati,GranTurismo Folgore,2.7 sec,320 km/h,83,425 km,195 Wh/km,990,"* £200,000",https://ev-database.org/img/auto/Maserati_GranTurismo_Folgore/Maserati_GranTurismo_Folgore-01-thumb@2x.jpg,https://ev-database.org/car/1803/Maserati-GranTurismo-Folgore
BMW,i7 eDrive50,5.5 sec,205 km/h,101.7,520 km,196 Wh/km,780,"£100,205",https://ev-database.org/img/auto/BMW_i7_2022/BMW_i7_2022-01-thumb@2x.jpg,https://ev-database.org/car/1905/BMW-i7-eDrive50
Fiat,500e Hatchback 24 kWh,9.0 sec,135 km/h,21.3,135 km,158 Wh/km,230,"£28,195",https://ev-database.org/img/auto/Fiat_500e_Hatchback_2020/Fiat_500e_Hatchback_2020-01-thumb@2x.jpg,https://ev-database.org/car/1327/Fiat-500e-Hatchback-24-kWh
Renault,Kangoo E-Tech Electric,12.6 sec,132 km/h,45,220 km,205 Wh/km,230,N/A,https://ev-database.org/img/auto/Renault_Kangoo_E-Tech_Electric/Renault_Kangoo_E-Tech_Electric-01-thumb@2x.jpg,https://ev-database.org/car/1802/Renault-Kangoo-E-Tech-Electric
VinFast,VF 9 Standard Range,6.5 sec,200 km/h,92,400 km,230 Wh/km,540,N/A,https://ev-database.org/img/auto/VinFast_VF_9/VinFast_VF_9-01-thumb@2x.jpg,https://ev-database.org/car/1810/VinFast-VF-9-Standard-Range
Volkswagen,ID.5 GTX,6.3 sec,180 km/h,77,405 km,190 Wh/km,560,"£56,545",https://ev-database.org/img/auto/Volkswagen_ID5_GTX_2023/Volkswagen_ID5_GTX_2023-01-thumb@2x.jpg,https://ev-database.org/car/1914/Volkswagen-ID5-GTX
Volkswagen,ID.4 Pro 4MOTION,6.9 sec,180 km/h,77,405 km,190 Wh/km,560,N/A,https://ev-database.org/img/auto/Volkswagen_ID4/Volkswagen_ID4-01-thumb@2x.jpg,https://ev-database.org/car/1702/Volkswagen-ID4-Pro-4MOTION
Citroen,e-Berlingo M 50 kWh,11.7 sec,135 km/h,46.3,205 km,226 Wh/km,330,"£32,315",https://ev-database.org/img/auto/Citroen_e-Berlingo/Citroen_e-Berlingo-01-thumb@2x.jpg,https://ev-database.org/car/1546/Citroen-e-Berlingo-M-50-kWh
Ford,Mustang Mach-E ER AWD,5.8 sec,180 km/h,91,440 km,207 Wh/km,390,"£65,405",https://ev-database.org/img/auto/Ford_Mustang_Mach-E/Ford_Mustang_Mach-E-01-thumb@2x.jpg,https://ev-database.org/car/1756/Ford-Mustang-Mach-E-ER-AWD
Porsche,Taycan GTS,3.7 sec,250 km/h,83.7,450 km,186 Wh/km,1110,"£110,200",https://ev-database.org/img/auto/Porsche_Taycan_GTS/Porsche_Taycan_GTS-01-thumb@2x.jpg,https://ev-database.org/car/1560/Porsche-Taycan-GTS
BMW,i5 M60 xDrive Sedan,3.8 sec,230 km/h,81.2,425 km,191 Wh/km,630,"£97,745",https://ev-database.org/img/auto/BMW_i5_M60_xDrive_Sedan/BMW_i5_M60_xDrive_Sedan-01-thumb@2x.jpg,https://ev-database.org/car/1907/BMW-i5-M60-xDrive-Sedan
Kia,e-Soul 64 kWh,7.9 sec,167 km/h,64,370 km,173 Wh/km,350,"£39,045",https://ev-database.org/img/auto/Kia_e-Soul_2023/Kia_e-Soul_2023-01-thumb@2x.jpg,https://ev-database.org/car/1749/Kia-e-Soul-64-kWh
e.Go,e.wave X ,12.0 sec,135 km/h,27,150 km,180 Wh/km,,N/A,https://ev-database.org/img/auto/eGo_ewave_X/eGo_ewave_X-01-thumb@2x.jpg,https://ev-database.org/car/1896/eGo-ewave-X
NIO,ET5 75 kWh,4.0 sec,200 km/h,70.5,395 km,178 Wh/km,530,N/A,https://ev-database.org/img/auto/NIO_ET5/NIO_ET5-01-thumb@2x.jpg,https://ev-database.org/car/1786/NIO-ET5-75-kWh
NIO,EL6 100 kWh,4.5 sec,200 km/h,90,440 km,205 Wh/km,460,N/A,https://ev-database.org/img/auto/NIO_EL6/NIO_EL6-01-thumb@2x.jpg,https://ev-database.org/car/1922/NIO-EL6-100-kWh
Porsche,Taycan Plus,5.4 sec,230 km/h,83.7,485 km,173 Wh/km,1190,"£83,654",https://ev-database.org/img/auto/Porsche_Taycan/Porsche_Taycan-01-thumb@2x.jpg,https://ev-database.org/car/1924/Porsche-Taycan-Plus
Mercedes,EQE SUV 350 4MATIC,6.6 sec,210 km/h,90.6,455 km,199 Wh/km,680,"£90,560",https://ev-database.org/img/auto/Mercedes_EQE_SUV/Mercedes_EQE_SUV-01-thumb@2x.jpg,https://ev-database.org/car/1761/Mercedes-EQE-SUV-350-4MATIC
Hongqi,E-HS9 84 kWh,6.5 sec,200 km/h,76.5,320 km,239 Wh/km,440,N/A,https://ev-database.org/img/auto/Hongqi_E-HS9/Hongqi_E-HS9-01-thumb@2x.jpg,https://ev-database.org/car/1746/Hongqi-E-HS9-84-kWh
Audi,Q4 e-tron 45 quattro,6.9 sec,180 km/h,76.6,385 km,199 Wh/km,550,N/A,https://ev-database.org/img/auto/Audi_Q4_e-tron_2021/Audi_Q4_e-tron_2021-01-thumb@2x.jpg,https://ev-database.org/car/1527/Audi-Q4-e-tron-45-quattro
Citroen,e-C4 54 kWh,10.0 sec,150 km/h,50.8,320 km,159 Wh/km,460,N/A,https://ev-database.org/img/auto/Citroen_e-C4/Citroen_e-C4-01-thumb@2x.jpg,https://ev-database.org/car/1938/Citroen-e-C4-54-kWh
Volkswagen,ID.5 Pro Performance,8.4 sec,160 km/h,77,430 km,179 Wh/km,660,"£52,185",https://ev-database.org/img/auto/Volkswagen_ID5/Volkswagen_ID5-01-thumb@2x.jpg,https://ev-database.org/car/1913/Volkswagen-ID5-Pro-Performance
Mercedes,EQS SUV 450 4MATIC,6.0 sec,210 km/h,108.4,490 km,221 Wh/km,640,"£129,470",https://ev-database.org/img/auto/Mercedes_EQS_SUV_2022/Mercedes_EQS_SUV_2022-01-thumb@2x.jpg,https://ev-database.org/car/1674/Mercedes-EQS-SUV-450-4MATIC
Fiat,500e 3+1 42 kWh,9.0 sec,150 km/h,37.3,235 km,159 Wh/km,390,N/A,https://ev-database.org/img/auto/Fiat_500e_3plus1_2020/Fiat_500e_3plus1_2020-01-thumb@2x.jpg,https://ev-database.org/car/1328/Fiat-500e-3plus1-42-kWh
Ford,Mustang Mach-E GT,4.4 sec,200 km/h,91,425 km,214 Wh/km,380,"£74,540",https://ev-database.org/img/auto/Ford_Mustang_Mach-E/Ford_Mustang_Mach-E-01-thumb@2x.jpg,https://ev-database.org/car/1757/Ford-Mustang-Mach-E-GT
SsangYong,Korando e-Motion,8.5 sec,156 km/h,56,290 km,193 Wh/km,330,N/A,https://ev-database.org/img/auto/SsangYong_Korando_e-Motion/SsangYong_Korando_e-Motion-01-thumb@2x.jpg,https://ev-database.org/car/1589/SsangYong-Korando-e-Motion
Aiways,U5 ,7.5 sec,150 km/h,60,315 km,190 Wh/km,380,N/A,https://ev-database.org/img/auto/Aiways_U5/Aiways_U5-01-thumb@2x.jpg,https://ev-database.org/car/1678/Aiways-U5
Nissan,Ariya e-4ORCE 87kWh - 225 kW,5.7 sec,200 km/h,87,405 km,215 Wh/km,480,"£54,595",https://ev-database.org/img/auto/Nissan_Ariya/Nissan_Ariya-01-thumb@2x.jpg,https://ev-database.org/car/1304/Nissan-Ariya-e-4ORCE-87kWh---225-kW
Skoda,Enyaq iV RS,6.2 sec,180 km/h,77,420 km,183 Wh/km,580,"£52,670",https://ev-database.org/img/auto/Skoda_Enyaq_iV_2020/Skoda_Enyaq_iV_2020-01-thumb@2x.jpg,https://ev-database.org/car/1282/Skoda-Enyaq-iV-RS
Polestar,3 Long Range Performance,4.7 sec,210 km/h,107,470 km,228 Wh/km,610,"£85,500",https://ev-database.org/img/auto/Polestar_3/Polestar_3-01-thumb@2x.jpg,https://ev-database.org/car/1759/Polestar-3-Long-Range-Performance
Opel,Corsa Electric 51 kWh,8.1 sec,150 km/h,48.1,315 km,153 Wh/km,490,N/A,https://ev-database.org/img/auto/Opel_Corsa_Electric_2023/Opel_Corsa_Electric_2023-01-thumb@2x.jpg,https://ev-database.org/car/1942/Opel-Corsa-Electric-51-kWh
Skoda,Enyaq Coupe iV 80x,7.0 sec,160 km/h,77,455 km,169 Wh/km,630,"£52,505",https://ev-database.org/img/auto/Skoda_Enyaq_Coupe_iV_2022/Skoda_Enyaq_Coupe_iV_2022-01-thumb@2x.jpg,https://ev-database.org/car/1630/Skoda-Enyaq-Coupe-iV-80x
XPENG,G9 AWD Long Range,3.9 sec,200 km/h,94,440 km,214 Wh/km,920,N/A,https://ev-database.org/img/auto/XPENG_G9/XPENG_G9-01-thumb@2x.jpg,https://ev-database.org/car/1826/XPENG-G9-AWD-Long-Range
Lucid,Air Touring,3.2 sec,250 km/h,88,550 km,160 Wh/km,960,N/A,https://ev-database.org/img/auto/Lucid_Air/Lucid_Air-01-thumb@2x.jpg,https://ev-database.org/car/1317/Lucid-Air-Touring
Toyota,Proace City Verso Electric L1 50 kWh,11.2 sec,135 km/h,46.3,210 km,220 Wh/km,330,N/A,https://ev-database.org/img/auto/Toyota_Proace_City_Verso_Electric/Toyota_Proace_City_Verso_Electric-01-thumb@2x.jpg,https://ev-database.org/car/1779/Toyota-Proace-City-Verso-Electric-L1-50-kWh
Skoda,Enyaq Coupe iV 60,8.8 sec,160 km/h,58,345 km,168 Wh/km,460,N/A,https://ev-database.org/img/auto/Skoda_Enyaq_Coupe_iV_2022/Skoda_Enyaq_Coupe_iV_2022-01-thumb@2x.jpg,https://ev-database.org/car/1628/Skoda-Enyaq-Coupe-iV-60
Porsche,Taycan ,5.4 sec,230 km/h,71,420 km,169 Wh/km,1030,"£79,200",https://ev-database.org/img/auto/Porsche_Taycan/Porsche_Taycan-01-thumb@2x.jpg,https://ev-database.org/car/1923/Porsche-Taycan
Mercedes,EQE 300,7.3 sec,210 km/h,89,515 km,173 Wh/km,650,N/A,https://ev-database.org/img/auto/Mercedes_EQE/Mercedes_EQE-01-thumb@2x.jpg,https://ev-database.org/car/1897/Mercedes-EQE-300
NIO,ET5 Touring 75 kWh,4.0 sec,200 km/h,70.5,385 km,183 Wh/km,520,N/A,https://ev-database.org/img/auto/NIO_ET5_Touring/NIO_ET5_Touring-01-thumb@2x.jpg,https://ev-database.org/car/1915/NIO-ET5-Touring-75-kWh
Audi,Q4 Sportback e-tron 50 quattro,6.2 sec,180 km/h,76.6,400 km,192 Wh/km,570,"£58,510",https://ev-database.org/img/auto/Audi_Q4_e-tron_Sportback_2021/Audi_Q4_e-tron_Sportback_2021-01-thumb@2x.jpg,https://ev-database.org/car/1492/Audi-Q4-Sportback-e-tron-50-quattro
CUPRA,Born 170 kW - 58 kWh,6.6 sec,160 km/h,58,345 km,168 Wh/km,460,"£39,205",https://ev-database.org/img/auto/Cupra_el-Born/Cupra_el-Born-01-thumb@2x.jpg,https://ev-database.org/car/1517/CUPRA-Born-170-kW---58-kWh
ORA,Funky Cat 63 kWh,8.2 sec,160 km/h,59.3,340 km,174 Wh/km,240,N/A,https://ev-database.org/img/auto/ORA_Funky_Cat_2022/ORA_Funky_Cat_2022-01-thumb@2x.jpg,https://ev-database.org/car/1814/ORA-Funky-Cat-63-kWh
Genesis,G80 Electrified Luxury,4.9 sec,225 km/h,82.5,440 km,188 Wh/km,880,"£69,805",https://ev-database.org/img/auto/Genesis_G80/Genesis_G80-01-thumb@2x.jpg,https://ev-database.org/car/1703/Genesis-G80-Electrified-Luxury
Porsche,Taycan 4S Plus,4.0 sec,250 km/h,83.7,480 km,174 Wh/km,1180,"£94,996",https://ev-database.org/img/auto/Porsche_Taycan_4S/Porsche_Taycan_4S-01-thumb@2x.jpg,https://ev-database.org/car/1926/Porsche-Taycan-4S-Plus
VinFast,VF 8 Plus Standard Range,5.5 sec,200 km/h,82,400 km,205 Wh/km,560,N/A,https://ev-database.org/img/auto/VinFast_VF_8/VinFast_VF_8-01-thumb@2x.jpg,https://ev-database.org/car/1808/VinFast-VF-8-Plus-Standard-Range
Mercedes,EQT 200 Standard,12.6 sec,132 km/h,45,225 km,200 Wh/km,230,N/A,https://ev-database.org/img/auto/Mercedes_EQT_2023/Mercedes_EQT_2023-01-thumb@2x.jpg,https://ev-database.org/car/1908/Mercedes-EQT-200-Standard
Porsche,Taycan Turbo S Cross Turismo,2.9 sec,250 km/h,83.7,410 km,204 Wh/km,1010,"£149,300",https://ev-database.org/img/auto/Porsche_Taycan_Turbo_S_Cross_Turismo/Porsche_Taycan_Turbo_S_Cross_Turismo-01-thumb@2x.jpg,https://ev-database.org/car/1932/Porsche-Taycan-Turbo-S-Cross-Turismo
Audi,Q4 Sportback e-tron 35,9.0 sec,160 km/h,52,295 km,176 Wh/km,370,N/A,https://ev-database.org/img/auto/Audi_Q4_e-tron_Sportback_2021/Audi_Q4_e-tron_Sportback_2021-01-thumb@2x.jpg,https://ev-database.org/car/1290/Audi-Q4-Sportback-e-tron-35
DS,3 E-Tense,9.0 sec,150 km/h,50.8,300 km,169 Wh/km,480,"£37,200",https://ev-database.org/img/auto/DS_3_2023/DS_3_2023-01-thumb@2x.jpg,https://ev-database.org/car/1791/DS-3-E-Tense
Seres,3 ,8.9 sec,155 km/h,51,260 km,196 Wh/km,240,N/A,https://ev-database.org/img/auto/Seres_3/Seres_3-01-thumb@2x.jpg,https://ev-database.org/car/1804/Seres-3
Audi,SQ8 e-tron Sportback ,4.5 sec,210 km/h,106,480 km,221 Wh/km,610,"£100,000",https://ev-database.org/img/auto/Audi_SQ8-Sportback-etron-2023/Audi_SQ8-Sportback-etron-2023-01-thumb@2x.jpg,https://ev-database.org/car/1774/Audi-SQ8-e-tron-Sportback
Maserati,Grecale Folgore,4.1 sec,220 km/h,95,405 km,235 Wh/km,440,"* £135,000",https://ev-database.org/img/auto/Maserati_Grecale_Folgore/Maserati_Grecale_Folgore-01-thumb@2x.jpg,https://ev-database.org/car/1843/Maserati-Grecale-Folgore
NIO,EL6 75 kWh,4.5 sec,200 km/h,70.5,350 km,201 Wh/km,470,N/A,https://ev-database.org/img/auto/NIO_EL6/NIO_EL6-01-thumb@2x.jpg,https://ev-database.org/car/1921/NIO-EL6-75-kWh
Toyota,Proace City Verso Electric L2 50 kWh,11.2 sec,135 km/h,46.3,205 km,226 Wh/km,330,N/A,https://ev-database.org/img/auto/Toyota_Proace_City_Verso_Electric/Toyota_Proace_City_Verso_Electric-01-thumb@2x.jpg,https://ev-database.org/car/1780/Toyota-Proace-City-Verso-Electric-L2-50-kWh
Nissan,Ariya e-4ORCE 87kWh - 290 kW,5.1 sec,200 km/h,87,405 km,215 Wh/km,480,N/A,https://ev-database.org/img/auto/Nissan_Ariya/Nissan_Ariya-01-thumb@2x.jpg,https://ev-database.org/car/1305/Nissan-Ariya-e-4ORCE-87kWh---290-kW
Mercedes,eVito Tourer Long 90 kWh,12.0 sec,160 km/h,90,310 km,290 Wh/km,310,"£76,368",https://ev-database.org/img/auto/Mercedes_eVito_2021/Mercedes_eVito_2021-01-thumb@2x.jpg,https://ev-database.org/car/1615/Mercedes-eVito-Tourer-Long-90-kWh
Genesis,GV60 Sport,5.5 sec,200 km/h,74,380 km,195 Wh/km,990,"£58,365",https://ev-database.org/img/auto/Genesis_GV60/Genesis_GV60-01-thumb@2x.jpg,https://ev-database.org/car/1648/Genesis-GV60-Sport
Toyota,PROACE Verso M 75 kWh,13.1 sec,130 km/h,68,265 km,257 Wh/km,290,N/A,https://ev-database.org/img/auto/Toyota_PROACE_Verso/Toyota_PROACE_Verso-01-thumb@2x.jpg,https://ev-database.org/car/1514/Toyota-PROACE-Verso-M-75-kWh
Citroen,e-C4 X 54 kWh,10.0 sec,150 km/h,50.8,305 km,167 Wh/km,440,N/A,https://ev-database.org/img/auto/Citroen_e-C4_X/Citroen_e-C4_X-01-thumb@2x.jpg,https://ev-database.org/car/1939/Citroen-e-C4-X-54-kWh
Fiat,500e Cabrio 42 kWh,9.0 sec,150 km/h,37.3,230 km,162 Wh/km,380,"£34,195",https://ev-database.org/img/auto/Fiat_500e_Convertible_2020/Fiat_500e_Convertible_2020-01-thumb@2x.jpg,https://ev-database.org/car/1275/Fiat-500e-Cabrio-42-kWh
Porsche,Taycan 4 Cross Turismo,5.1 sec,220 km/h,83.7,440 km,190 Wh/km,1080,"£88,200",https://ev-database.org/img/auto/Porsche_Taycan_4S_Cross_Turismo/Porsche_Taycan_4S_Cross_Turismo-01-thumb@2x.jpg,https://ev-database.org/car/1929/Porsche-Taycan-4-Cross-Turismo
Lexus,UX 300e,7.5 sec,160 km/h,64,340 km,188 Wh/km,170,"£47,495",https://ev-database.org/img/auto/Lexus_UX_300e_Electric_2023/Lexus_UX_300e_Electric_2023-01-thumb@2x.jpg,https://ev-database.org/car/1943/Lexus-UX-300e
Fiat,E-Ulysse L3 75 kWh,13.3 sec,130 km/h,68,260 km,262 Wh/km,280,N/A,https://ev-database.org/img/auto/Fiat_E-Ulysse/Fiat_E-Ulysse-01-thumb@2x.jpg,https://ev-database.org/car/1724/Fiat-E-Ulysse-L3-75-kWh
ORA,Funky Cat GT,8.2 sec,160 km/h,59.3,330 km,180 Wh/km,230,N/A,https://ev-database.org/img/auto/ORA_Funky_Cat_2022/ORA_Funky_Cat_2022-01-thumb@2x.jpg,https://ev-database.org/car/1815/ORA-Funky-Cat-GT
Porsche,Taycan Turbo S,2.8 sec,260 km/h,83.7,430 km,195 Wh/km,1060,"£148,300",https://ev-database.org/img/auto/Porsche_Taycan_Turbo_S/Porsche_Taycan_Turbo_S-01-thumb@2x.jpg,https://ev-database.org/car/1928/Porsche-Taycan-Turbo-S
Peugeot,e-Expert Combi Standard 75 kWh,14.3 sec,130 km/h,68,265 km,257 Wh/km,290,N/A,https://ev-database.org/img/auto/Peugeot_e-Traveller/Peugeot_e-Traveller-01-thumb@2x.jpg,https://ev-database.org/car/1607/Peugeot-e-Expert-Combi-Standard-75-kWh
Peugeot,e-Rifter Long 50 kWh,11.7 sec,135 km/h,46.3,200 km,232 Wh/km,320,"£35,120",https://ev-database.org/img/auto/Peugeot_e-Rifter/Peugeot_e-Rifter-01-thumb@2x.jpg,https://ev-database.org/car/1523/Peugeot-e-Rifter-Long-50-kWh
Mercedes,EQE SUV AMG 53 4MATIC+,3.5 sec,240 km/h,90.6,425 km,213 Wh/km,630,"£133,860",https://ev-database.org/img/auto/Mercedes_EQE_AMG_SUV/Mercedes_EQE_AMG_SUV-01-thumb@2x.jpg,https://ev-database.org/car/1764/Mercedes-EQE-SUV-AMG-53-4MATICplus
Audi,Q4 Sportback e-tron 45 quattro,6.9 sec,180 km/h,76.6,400 km,192 Wh/km,570,N/A,https://ev-database.org/img/auto/Audi_Q4_e-tron_Sportback_2021/Audi_Q4_e-tron_Sportback_2021-01-thumb@2x.jpg,https://ev-database.org/car/1720/Audi-Q4-Sportback-e-tron-45-quattro
Ford,Mustang Mach-E SR AWD,6.3 sec,180 km/h,70,345 km,203 Wh/km,360,N/A,https://ev-database.org/img/auto/Ford_Mustang_Mach-E/Ford_Mustang_Mach-E-01-thumb@2x.jpg,https://ev-database.org/car/1755/Ford-Mustang-Mach-E-SR-AWD
Mercedes,EQS SUV 500 4MATIC,5.2 sec,210 km/h,108.4,490 km,221 Wh/km,640,N/A,https://ev-database.org/img/auto/Mercedes_EQS_SUV_2022/Mercedes_EQS_SUV_2022-01-thumb@2x.jpg,https://ev-database.org/car/1795/Mercedes-EQS-SUV-500-4MATIC
Mercedes,EQE 350,6.4 sec,210 km/h,89,510 km,175 Wh/km,640,"£77,345",https://ev-database.org/img/auto/Mercedes_EQE/Mercedes_EQE-01-thumb@2x.jpg,https://ev-database.org/car/1714/Mercedes-EQE-350
Mini,Cooper SE Convertible,8.2 sec,150 km/h,28.9,170 km,170 Wh/km,240,"£52,500",https://ev-database.org/img/auto/Mini_Electric_Convertible/Mini_Electric_Convertible-01-thumb@2x.jpg,https://ev-database.org/car/1827/Mini-Cooper-SE-Convertible
Mercedes,EQE SUV AMG 43 4MATIC,4.3 sec,210 km/h,90.6,435 km,208 Wh/km,650,N/A,https://ev-database.org/img/auto/Mercedes_EQE_AMG_SUV/Mercedes_EQE_AMG_SUV-01-thumb@2x.jpg,https://ev-database.org/car/1763/Mercedes-EQE-SUV-AMG-43-4MATIC
Opel,Combo-e Life 50 kWh,11.7 sec,135 km/h,46.3,205 km,226 Wh/km,330,"£34,085",https://ev-database.org/img/auto/Opel_Combo-e_Life/Opel_Combo-e_Life-01-thumb@2x.jpg,https://ev-database.org/car/1544/Opel-Combo-e-Life-50-kWh
Citroen,e-Jumpy Combi M 75 kWh,13.3 sec,130 km/h,68,265 km,257 Wh/km,290,N/A,https://ev-database.org/img/auto/Citroen_e-SpaceTourer/Citroen_e-SpaceTourer-01-thumb@2x.jpg,https://ev-database.org/car/1597/Citroen-e-Jumpy-Combi-M-75-kWh
Porsche,Taycan Sport Turismo,5.4 sec,230 km/h,71,380 km,187 Wh/km,930,"£80,200",https://ev-database.org/img/auto/Porsche_Taycan_Sport_Turismo/Porsche_Taycan_Sport_Turismo-01-thumb@2x.jpg,https://ev-database.org/car/1621/Porsche-Taycan-Sport-Turismo
XPENG,P7 AWD Performance,4.1 sec,200 km/h,82.7,470 km,176 Wh/km,650,N/A,https://ev-database.org/img/auto/XPENG_P7/XPENG_P7-01-thumb@2x.jpg,https://ev-database.org/car/1822/XPENG-P7-AWD-Performance
Toyota,PROACE Verso L 75 kWh,13.1 sec,130 km/h,68,260 km,262 Wh/km,280,N/A,https://ev-database.org/img/auto/Toyota_PROACE_Verso/Toyota_PROACE_Verso-01-thumb@2x.jpg,https://ev-database.org/car/1515/Toyota-PROACE-Verso-L-75-kWh
Mercedes,eVito Tourer Extra-Long 90 kWh,12.0 sec,160 km/h,90,305 km,295 Wh/km,310,"£83,850",https://ev-database.org/img/auto/Mercedes_eVito_2021/Mercedes_eVito_2021-01-thumb@2x.jpg,https://ev-database.org/car/1616/Mercedes-eVito-Tourer-Extra-Long-90-kWh
Peugeot,e-Traveller Standard 50 kWh,13.1 sec,130 km/h,46.3,185 km,250 Wh/km,290,"£42,785",https://ev-database.org/img/auto/Peugeot_e-Traveller/Peugeot_e-Traveller-01-thumb@2x.jpg,https://ev-database.org/car/1351/Peugeot-e-Traveller-Standard-50-kWh
Mercedes,EQV 300 Extra-Long,12.1 sec,160 km/h,90,310 km,290 Wh/km,310,N/A,https://ev-database.org/img/auto/Mercedes_EQV/Mercedes_EQV-01-thumb@2x.jpg,https://ev-database.org/car/1315/Mercedes-EQV-300-Extra-Long
Kia,e-Soul 39.2 kWh,9.9 sec,157 km/h,39.2,230 km,170 Wh/km,200,"£32,845",https://ev-database.org/img/auto/Kia_e-Soul_2023/Kia_e-Soul_2023-01-thumb@2x.jpg,https://ev-database.org/car/1750/Kia-e-Soul-392-kWh
Aiways,U6 ,7.0 sec,160 km/h,60,350 km,171 Wh/km,430,N/A,https://ev-database.org/img/auto/Aiways_U6/Aiways_U6-01-thumb@2x.jpg,https://ev-database.org/car/1766/Aiways-U6
Mercedes,EQE 350,6.4 sec,210 km/h,89,510 km,175 Wh/km,640,N/A,https://ev-database.org/img/auto/Mercedes_EQE/Mercedes_EQE-01-thumb@2x.jpg,https://ev-database.org/car/1898/Mercedes-EQE-350
Opel,Vivaro-e Combi M 75 kWh,13.3 sec,130 km/h,68,265 km,257 Wh/km,290,N/A,https://ev-database.org/img/auto/Opel_Zafira-e_Life/Opel_Zafira-e_Life-01-thumb@2x.jpg,https://ev-database.org/car/1602/Opel-Vivaro-e-Combi-M-75-kWh
Abarth,500e Hatchback,7.0 sec,155 km/h,37.8,225 km,168 Wh/km,370,"£34,195",https://ev-database.org/img/auto/Abarth_500e_Hatchback/Abarth_500e_Hatchback-01-thumb@2x.jpg,https://ev-database.org/car/1903/Abarth-500e-Hatchback
Porsche,Taycan 4S,4.0 sec,250 km/h,71,415 km,171 Wh/km,1020,"£90,700",https://ev-database.org/img/auto/Porsche_Taycan_4S/Porsche_Taycan_4S-01-thumb@2x.jpg,https://ev-database.org/car/1925/Porsche-Taycan-4S
Opel,Zafira-e Life L 75 kWh,13.3 sec,130 km/h,68,260 km,262 Wh/km,280,N/A,https://ev-database.org/img/auto/Opel_Zafira-e_Life/Opel_Zafira-e_Life-01-thumb@2x.jpg,https://ev-database.org/car/1349/Opel-Zafira-e-Life-L-75-kWh
Peugeot,e-Rifter Standard 50 kWh,11.7 sec,135 km/h,46.3,205 km,226 Wh/km,330,"£33,120",https://ev-database.org/img/auto/Peugeot_e-Rifter/Peugeot_e-Rifter-01-thumb@2x.jpg,https://ev-database.org/car/1522/Peugeot-e-Rifter-Standard-50-kWh
Peugeot,e-Expert Combi Long 75 kWh,14.3 sec,130 km/h,68,260 km,262 Wh/km,280,N/A,https://ev-database.org/img/auto/Peugeot_e-Traveller/Peugeot_e-Traveller-01-thumb@2x.jpg,https://ev-database.org/car/1608/Peugeot-e-Expert-Combi-Long-75-kWh
Porsche,Taycan GTS Sport Turismo,3.7 sec,250 km/h,83.7,425 km,197 Wh/km,1050,"£111,200",https://ev-database.org/img/auto/Porsche_Taycan_GTS_Sport_Turismo/Porsche_Taycan_GTS_Sport_Turismo-01-thumb@2x.jpg,https://ev-database.org/car/1561/Porsche-Taycan-GTS-Sport-Turismo
Fiat,500e 3+1 24 kWh,9.0 sec,135 km/h,21.3,135 km,158 Wh/km,230,N/A,https://ev-database.org/img/auto/Fiat_500e_3plus1_2020/Fiat_500e_3plus1_2020-01-thumb@2x.jpg,https://ev-database.org/car/1726/Fiat-500e-3plus1-24-kWh
Opel,Corsa Electric 50 kWh,8.7 sec,150 km/h,46.3,295 km,157 Wh/km,470,N/A,https://ev-database.org/img/auto/Opel_Corsa_Electric_2023/Opel_Corsa_Electric_2023-01-thumb@2x.jpg,https://ev-database.org/car/1941/Opel-Corsa-Electric-50-kWh
Porsche,Taycan Plus Sport Turismo,5.4 sec,230 km/h,83.7,445 km,188 Wh/km,1090,"£84,654",https://ev-database.org/img/auto/Porsche_Taycan_Sport_Turismo/Porsche_Taycan_Sport_Turismo-01-thumb@2x.jpg,https://ev-database.org/car/1622/Porsche-Taycan-Plus-Sport-Turismo
Porsche,Taycan Turbo S Sport Turismo,2.8 sec,260 km/h,83.7,395 km,212 Wh/km,970,"£149,300",https://ev-database.org/img/auto/Porsche_Taycan_Sport_Turismo/Porsche_Taycan_Sport_Turismo-01-thumb@2x.jpg,https://ev-database.org/car/1626/Porsche-Taycan-Turbo-S-Sport-Turismo
Porsche,Taycan 4S Cross Turismo,4.1 sec,240 km/h,83.7,440 km,190 Wh/km,1080,"£95,200",https://ev-database.org/img/auto/Porsche_Taycan_4S_Cross_Turismo/Porsche_Taycan_4S_Cross_Turismo-01-thumb@2x.jpg,https://ev-database.org/car/1930/Porsche-Taycan-4S-Cross-Turismo
Porsche,Taycan Turbo,3.2 sec,260 km/h,83.7,445 km,188 Wh/km,1090,"£125,800",https://ev-database.org/img/auto/Porsche_Taycan_Turbo/Porsche_Taycan_Turbo-01-thumb@2x.jpg,https://ev-database.org/car/1927/Porsche-Taycan-Turbo
Citroen,e-SpaceTourer M 75 kWh,13.3 sec,130 km/h,68,265 km,257 Wh/km,290,N/A,https://ev-database.org/img/auto/Citroen_e-SpaceTourer/Citroen_e-SpaceTourer-01-thumb@2x.jpg,https://ev-database.org/car/1343/Citroen-e-SpaceTourer-M-75-kWh
NIO,EL7 75 kWh,3.9 sec,200 km/h,70.5,340 km,207 Wh/km,460,N/A,https://ev-database.org/img/auto/NIO_EL7/NIO_EL7-01-thumb@2x.jpg,https://ev-database.org/car/1788/NIO-EL7-75-kWh
Fiat,500e Cabrio 24 kWh,9.0 sec,135 km/h,21.3,135 km,158 Wh/km,230,N/A,https://ev-database.org/img/auto/Fiat_500e_Convertible_2020/Fiat_500e_Convertible_2020-01-thumb@2x.jpg,https://ev-database.org/car/1727/Fiat-500e-Cabrio-24-kWh
Citroen,e-Berlingo XL 50 kWh,11.7 sec,135 km/h,46.3,200 km,232 Wh/km,320,"£33,315",https://ev-database.org/img/auto/Citroen_e-Berlingo/Citroen_e-Berlingo-01-thumb@2x.jpg,https://ev-database.org/car/1547/Citroen-e-Berlingo-XL-50-kWh
Peugeot,e-Traveller Long 75 kWh,14.3 sec,130 km/h,68,260 km,262 Wh/km,280,N/A,https://ev-database.org/img/auto/Peugeot_e-Traveller/Peugeot_e-Traveller-01-thumb@2x.jpg,https://ev-database.org/car/1354/Peugeot-e-Traveller-Long-75-kWh
Porsche,Taycan 4S Sport Turismo,4.0 sec,250 km/h,71,370 km,192 Wh/km,910,"£91,700",https://ev-database.org/img/auto/Porsche_Taycan_Sport_Turismo/Porsche_Taycan_Sport_Turismo-01-thumb@2x.jpg,https://ev-database.org/car/1623/Porsche-Taycan-4S-Sport-Turismo
Peugeot,e-Traveller Standard 75 kWh,14.3 sec,130 km/h,68,265 km,257 Wh/km,290,N/A,https://ev-database.org/img/auto/Peugeot_e-Traveller/Peugeot_e-Traveller-01-thumb@2x.jpg,https://ev-database.org/car/1353/Peugeot-e-Traveller-Standard-75-kWh
VinFast,VF 8 Eco Extended Range,5.9 sec,200 km/h,87.7,425 km,206 Wh/km,550,N/A,https://ev-database.org/img/auto/VinFast_VF_8/VinFast_VF_8-01-thumb@2x.jpg,https://ev-database.org/car/1807/VinFast-VF-8-Eco-Extended-Range
Toyota,PROACE Shuttle L 75 kWh,13.1 sec,130 km/h,68,260 km,262 Wh/km,280,N/A,https://ev-database.org/img/auto/Toyota_PROACE_Verso/Toyota_PROACE_Verso-01-thumb@2x.jpg,https://ev-database.org/car/1612/Toyota-PROACE-Shuttle-L-75-kWh
Toyota,PROACE Shuttle M 75 kWh,13.1 sec,130 km/h,68,265 km,257 Wh/km,290,N/A,https://ev-database.org/img/auto/Toyota_PROACE_Verso/Toyota_PROACE_Verso-01-thumb@2x.jpg,https://ev-database.org/car/1611/Toyota-PROACE-Shuttle-M-75-kWh
Mercedes,EQV 250 Long,12.0 sec,160 km/h,60,210 km,286 Wh/km,200,N/A,https://ev-database.org/img/auto/Mercedes_EQV/Mercedes_EQV-01-thumb@2x.jpg,https://ev-database.org/car/1542/Mercedes-EQV-250-Long
Peugeot,e-208 51 kWh,8.2 sec,150 km/h,48.1,310 km,155 Wh/km,480,"* £35,000",https://ev-database.org/img/auto/Peugeot_e-208_2024/Peugeot_e-208_2024-01-thumb@2x.jpg,https://ev-database.org/car/1949/Peugeot-e-208-51-kWh
Genesis,GV60 Sport Plus,4.0 sec,235 km/h,74,365 km,203 Wh/km,950,"£67,505",https://ev-database.org/img/auto/Genesis_GV60/Genesis_GV60-01-thumb@2x.jpg,https://ev-database.org/car/1649/Genesis-GV60-Sport-Plus
Opel,Zafira-e Life M 50 kWh,12.1 sec,130 km/h,46.3,185 km,250 Wh/km,290,"£42,735",https://ev-database.org/img/auto/Opel_Zafira-e_Life/Opel_Zafira-e_Life-01-thumb@2x.jpg,https://ev-database.org/car/1346/Opel-Zafira-e-Life-M-50-kWh
Porsche,Taycan Turbo Sport Turismo,3.2 sec,260 km/h,83.7,405 km,207 Wh/km,1000,"£126,800",https://ev-database.org/img/auto/Porsche_Taycan_Sport_Turismo/Porsche_Taycan_Sport_Turismo-01-thumb@2x.jpg,https://ev-database.org/car/1625/Porsche-Taycan-Turbo-Sport-Turismo
Fiat,E-Ulysse L3 50 kWh,12.1 sec,130 km/h,46.3,180 km,257 Wh/km,290,N/A,https://ev-database.org/img/auto/Fiat_E-Ulysse/Fiat_E-Ulysse-01-thumb@2x.jpg,https://ev-database.org/car/1723/Fiat-E-Ulysse-L3-50-kWh
Citroen,e-SpaceTourer M 50 kWh,12.1 sec,130 km/h,46.3,185 km,250 Wh/km,290,"£37,045",https://ev-database.org/img/auto/Citroen_e-SpaceTourer/Citroen_e-SpaceTourer-01-thumb@2x.jpg,https://ev-database.org/car/1341/Citroen-e-SpaceTourer-M-50-kWh
Abarth,500e Convertible,7.0 sec,155 km/h,37.8,225 km,168 Wh/km,370,"£37,195",https://ev-database.org/img/auto/Abarth_500e_Convertible/Abarth_500e_Convertible-01-thumb@2x.jpg,https://ev-database.org/car/1904/Abarth-500e-Convertible
Mercedes,EQE 350 4MATIC,6.3 sec,210 km/h,89,475 km,187 Wh/km,600,N/A,https://ev-database.org/img/auto/Mercedes_EQE/Mercedes_EQE-01-thumb@2x.jpg,https://ev-database.org/car/1899/Mercedes-EQE-350-4MATIC
Porsche,Taycan Turbo Cross Turismo,3.3 sec,250 km/h,83.7,425 km,197 Wh/km,1050,"£126,800",https://ev-database.org/img/auto/Porsche_Taycan_Turbo_S_Cross_Turismo/Porsche_Taycan_Turbo_S_Cross_Turismo-01-thumb@2x.jpg,https://ev-database.org/car/1931/Porsche-Taycan-Turbo-Cross-Turismo
Citroen,e-Jumpy Combi M 50 kWh,12.1 sec,130 km/h,46.3,185 km,250 Wh/km,290,N/A,https://ev-database.org/img/auto/Citroen_e-SpaceTourer/Citroen_e-SpaceTourer-01-thumb@2x.jpg,https://ev-database.org/car/1595/Citroen-e-Jumpy-Combi-M-50-kWh
Fiat,E-Ulysse L2 75 kWh,13.3 sec,130 km/h,68,265 km,257 Wh/km,290,N/A,https://ev-database.org/img/auto/Fiat_E-Ulysse/Fiat_E-Ulysse-01-thumb@2x.jpg,https://ev-database.org/car/1722/Fiat-E-Ulysse-L2-75-kWh
Toyota,PROACE Shuttle L 50 kWh,12.1 sec,130 km/h,46.3,180 km,257 Wh/km,290,N/A,https://ev-database.org/img/auto/Toyota_PROACE_Verso/Toyota_PROACE_Verso-01-thumb@2x.jpg,https://ev-database.org/car/1610/Toyota-PROACE-Shuttle-L-50-kWh
Citroen,e-Jumpy Combi XL 75 kWh,13.3 sec,130 km/h,68,260 km,262 Wh/km,280,N/A,https://ev-database.org/img/auto/Citroen_e-SpaceTourer/Citroen_e-SpaceTourer-01-thumb@2x.jpg,https://ev-database.org/car/1598/Citroen-e-Jumpy-Combi-XL-75-kWh
Opel,Vivaro-e Combi L 50 kWh,12.1 sec,130 km/h,46.3,180 km,257 Wh/km,290,"£37,835",https://ev-database.org/img/auto/Opel_Zafira-e_Life/Opel_Zafira-e_Life-01-thumb@2x.jpg,https://ev-database.org/car/1601/Opel-Vivaro-e-Combi-L-50-kWh
Peugeot,e-Expert Combi Standard 50 kWh,13.1 sec,130 km/h,46.3,185 km,250 Wh/km,290,N/A,https://ev-database.org/img/auto/Peugeot_e-Traveller/Peugeot_e-Traveller-01-thumb@2x.jpg,https://ev-database.org/car/1605/Peugeot-e-Expert-Combi-Standard-50-kWh
Mercedes,EQE AMG 53 4MATIC+,3.5 sec,220 km/h,90.6,465 km,195 Wh/km,690,N/A,https://ev-database.org/img/auto/Mercedes_EQE_AMG_53/Mercedes_EQE_AMG_53-01-thumb@2x.jpg,https://ev-database.org/car/1902/Mercedes-EQE-AMG-53-4MATICplus
Opel,Vivaro-e Combi M 50 kWh,12.1 sec,130 km/h,46.3,185 km,250 Wh/km,290,"£36,995",https://ev-database.org/img/auto/Opel_Zafira-e_Life/Opel_Zafira-e_Life-01-thumb@2x.jpg,https://ev-database.org/car/1600/Opel-Vivaro-e-Combi-M-50-kWh
VinFast,VF 8 Eco Standard Range,5.9 sec,200 km/h,82,405 km,202 Wh/km,560,N/A,https://ev-database.org/img/auto/VinFast_VF_8/VinFast_VF_8-01-thumb@2x.jpg,https://ev-database.org/car/1806/VinFast-VF-8-Eco-Standard-Range
Mercedes,eVito Tourer Long 60 kWh,12.0 sec,160 km/h,60,210 km,286 Wh/km,310,N/A,https://ev-database.org/img/auto/Mercedes_eVito_2021/Mercedes_eVito_2021-01-thumb@2x.jpg,https://ev-database.org/car/1617/Mercedes-eVito-Tourer-Long-60-kWh
Mercedes,EQE 500 4MATIC,4.7 sec,210 km/h,90.6,485 km,187 Wh/km,720,N/A,https://ev-database.org/img/auto/Mercedes_EQE/Mercedes_EQE-01-thumb@2x.jpg,https://ev-database.org/car/1900/Mercedes-EQE-500-4MATIC
Opel,Zafira-e Life L 50 kWh,12.1 sec,130 km/h,46.3,180 km,257 Wh/km,290,"£43,575",https://ev-database.org/img/auto/Opel_Zafira-e_Life/Opel_Zafira-e_Life-01-thumb@2x.jpg,https://ev-database.org/car/1347/Opel-Zafira-e-Life-L-50-kWh
Porsche,Taycan 4S Plus Sport Turismo,4.0 sec,250 km/h,83.7,430 km,195 Wh/km,1060,"£95,996",https://ev-database.org/img/auto/Porsche_Taycan_Sport_Turismo/Porsche_Taycan_Sport_Turismo-01-thumb@2x.jpg,https://ev-database.org/car/1624/Porsche-Taycan-4S-Plus-Sport-Turismo
Citroen,e-SpaceTourer XL 75 kWh,13.3 sec,130 km/h,68,260 km,262 Wh/km,280,N/A,https://ev-database.org/img/auto/Citroen_e-SpaceTourer/Citroen_e-SpaceTourer-01-thumb@2x.jpg,https://ev-database.org/car/1344/Citroen-e-SpaceTourer-XL-75-kWh
Fiat,E-Ulysse L2 50 kWh,12.1 sec,130 km/h,46.3,185 km,250 Wh/km,290,N/A,https://ev-database.org/img/auto/Fiat_E-Ulysse/Fiat_E-Ulysse-01-thumb@2x.jpg,https://ev-database.org/car/1721/Fiat-E-Ulysse-L2-50-kWh
Citroen,e-SpaceTourer XL 50 kWh,12.1 sec,130 km/h,46.3,180 km,257 Wh/km,290,"£37,885",https://ev-database.org/img/auto/Citroen_e-SpaceTourer/Citroen_e-SpaceTourer-01-thumb@2x.jpg,https://ev-database.org/car/1342/Citroen-e-SpaceTourer-XL-50-kWh
Peugeot,e-Traveller Long 50 kWh,13.1 sec,130 km/h,46.3,185 km,250 Wh/km,290,"£43,625",https://ev-database.org/img/auto/Peugeot_e-Traveller/Peugeot_e-Traveller-01-thumb@2x.jpg,https://ev-database.org/car/1352/Peugeot-e-Traveller-Long-50-kWh
Opel,Vivaro-e Combi L 75 kWh,13.3 sec,130 km/h,68,260 km,262 Wh/km,280,N/A,https://ev-database.org/img/auto/Opel_Zafira-e_Life/Opel_Zafira-e_Life-01-thumb@2x.jpg,https://ev-database.org/car/1603/Opel-Vivaro-e-Combi-L-75-kWh
Toyota,PROACE Shuttle M 50 kWh,12.1 sec,130 km/h,46.3,185 km,250 Wh/km,290,N/A,https://ev-database.org/img/auto/Toyota_PROACE_Verso/Toyota_PROACE_Verso-01-thumb@2x.jpg,https://ev-database.org/car/1609/Toyota-PROACE-Shuttle-M-50-kWh
Opel,Combo-e Life XL 50 kWh,11.7 sec,135 km/h,46.3,200 km,232 Wh/km,320,"£34,685",https://ev-database.org/img/auto/Opel_Combo-e_Life/Opel_Combo-e_Life-01-thumb@2x.jpg,https://ev-database.org/car/1545/Opel-Combo-e-Life-XL-50-kWh
Citroen,e-Jumpy Combi XL 50 kWh,12.1 sec,130 km/h,46.3,180 km,257 Wh/km,290,N/A,https://ev-database.org/img/auto/Citroen_e-SpaceTourer/Citroen_e-SpaceTourer-01-thumb@2x.jpg,https://ev-database.org/car/1596/Citroen-e-Jumpy-Combi-XL-50-kWh
Mercedes,EQE AMG 43 4MATIC,4.2 sec,210 km/h,90.6,465 km,195 Wh/km,690,N/A,https://ev-database.org/img/auto/Mercedes_EQE_AMG_43/Mercedes_EQE_AMG_43-01-thumb@2x.jpg,https://ev-database.org/car/1901/Mercedes-EQE-AMG-43-4MATIC
Opel,Zafira-e Life M 75 kWh,13.3 sec,130 km/h,68,265 km,257 Wh/km,290,N/A,https://ev-database.org/img/auto/Opel_Zafira-e_Life/Opel_Zafira-e_Life-01-thumb@2x.jpg,https://ev-database.org/car/1348/Opel-Zafira-e-Life-M-75-kWh
Peugeot,e-2008 54 kWh,9.1 sec,150 km/h,50.8,300 km,169 Wh/km,480,"£36,350",https://ev-database.org/img/auto/Peugeot_e-2008_2024/Peugeot_e-2008_2024-01-thumb@2x.jpg,https://ev-database.org/car/1947/Peugeot-e-2008-54-kWh
Mercedes,eVito Tourer Extra-Long 60 kWh,12.0 sec,160 km/h,60,205 km,293 Wh/km,300,N/A,https://ev-database.org/img/auto/Mercedes_eVito_2021/Mercedes_eVito_2021-01-thumb@2x.jpg,https://ev-database.org/car/1618/Mercedes-eVito-Tourer-Extra-Long-60-kWh
Peugeot,e-Expert Combi Long 50 kWh,13.1 sec,130 km/h,46.3,185 km,250 Wh/km,290,N/A,https://ev-database.org/img/auto/Peugeot_e-Traveller/Peugeot_e-Traveller-01-thumb@2x.jpg,https://ev-database.org/car/1606/Peugeot-e-Expert-Combi-Long-50-kWh
VinFast,VF 8 Plus Extended Range,5.5 sec,200 km/h,87.7,425 km,206 Wh/km,550,N/A,https://ev-database.org/img/auto/VinFast_VF_8/VinFast_VF_8-01-thumb@2x.jpg,https://ev-database.org/car/1809/VinFast-VF-8-Plus-Extended-Range
Mercedes,EQV 250 Extra-Long,12.0 sec,160 km/h,60,210 km,286 Wh/km,200,N/A,https://ev-database.org/img/auto/Mercedes_EQV/Mercedes_EQV-01-thumb@2x.jpg,https://ev-database.org/car/1543/Mercedes-EQV-250-Extra-Long
Peugeot,e-208 50 kWh,9.0 sec,150 km/h,46.3,290 km,160 Wh/km,460,"* £32,000",https://ev-database.org/img/auto/Peugeot_e-208_2024/Peugeot_e-208_2024-01-thumb@2x.jpg,https://ev-database.org/car/1948/Peugeot-e-208-50-kWh
